nom,classe,chemin,taille_ko,corrompue,format,mode,largeur,hauteur,canaux,ecart_type
cardboard1.jpg,cardboard,../data/raw\cardboard\cardboard1.jpg,16.93,False,JPEG,RGB,512.0,384.0,3.0,31.88
cardboard10.jpg,cardboard,../data/raw\cardboard\cardboard10.jpg,21.17,False,JPEG,RGB,512.0,384.0,3.0,38.8
cardboard100.jpg,cardboard,../data/raw\cardboard\cardboard100.jpg,14.54,False,JPEG,RGB,512.0,384.0,3.0,44.5
cardboard101.jpg,cardboard,../data/raw\cardboard\cardboard101.jpg,13.95,False,JPEG,RGB,512.0,384.0,3.0,68.56
cardboard102.jpg,cardboard,../data/raw\cardboard\cardboard102.jpg,17.59,False,JPEG,RGB,512.0,384.0,3.0,45.32
cardboard103.jpg,cardboard,../data/raw\cardboard\cardboard103.jpg,20.61,False,JPEG,RGB,512.0,384.0,3.0,35.71
cardboard104.jpg,cardboard,../data/raw\cardboard\cardboard104.jpg,16.82,False,JPEG,RGB,512.0,384.0,3.0,31.95
cardboard105.jpg,cardboard,../data/raw\cardboard\cardboard105.jpg,23.84,False,JPEG,RGB,512.0,384.0,3.0,42.67
cardboard106.jpg,cardboard,../data/raw\cardboard\cardboard106.jpg,25.77,False,JPEG,RGB,512.0,384.0,3.0,52.76
cardboard107.jpg,cardboard,../data/raw\cardboard\cardboard107.jpg,24.77,False,JPEG,RGB,512.0,384.0,3.0,34.05
cardboard108.jpg,cardboard,../data/raw\cardboard\cardboard108.jpg,24.96,False,JPEG,RGB,512.0,384.0,3.0,34.76
cardboard109.jpg,cardboard,../data/raw\cardboard\cardboard109.jpg,16.25,False,JPEG,RGB,512.0,384.0,3.0,47.79
cardboard11.jpg,cardboard,../data/raw\cardboard\cardboard11.jpg,19.97,False,JPEG,RGB,512.0,384.0,3.0,45.95
cardboard110.jpg,cardboard,../data/raw\cardboard\cardboard110.jpg,16.96,False,JPEG,RGB,512.0,384.0,3.0,17.84
cardboard111.jpg,cardboard,../data/raw\cardboard\cardboard111.jpg,24.3,False,JPEG,RGB,512.0,384.0,3.0,44.62
cardboard112.jpg,cardboard,../data/raw\cardboard\cardboard112.jpg,18.57,False,JPEG,RGB,512.0,384.0,3.0,66.36
cardboard113.jpg,cardboard,../data/raw\cardboard\cardboard113.jpg,19.67,False,JPEG,RGB,512.0,384.0,3.0,51.16
cardboard114.jpg,cardboard,../data/raw\cardboard\cardboard114.jpg,16.08,False,JPEG,RGB,512.0,384.0,3.0,46.98
cardboard115.jpg,cardboard,../data/raw\cardboard\cardboard115.jpg,15.92,False,JPEG,RGB,512.0,384.0,3.0,35.88
cardboard116.jpg,cardboard,../data/raw\cardboard\cardboard116.jpg,14.89,False,JPEG,RGB,512.0,384.0,3.0,59.75
cardboard117.jpg,cardboard,../data/raw\cardboard\cardboard117.jpg,1.67,False,JPEG,RGB,48.0,32.0,3.0,60.08
cardboard118.jpg,cardboard,../data/raw\cardboard\cardboard118.jpg,15.46,False,JPEG,RGB,512.0,384.0,3.0,64.75
cardboard119.jpg,cardboard,../data/raw\cardboard\cardboard119.jpg,25.5,False,JPEG,RGB,512.0,384.0,3.0,53.06
cardboard12.jpg,cardboard,../data/raw\cardboard\cardboard12.jpg,24.92,False,JPEG,RGB,512.0,384.0,3.0,37.66
cardboard120.jpg,cardboard,../data/raw\cardboard\cardboard120.jpg,25.77,False,JPEG,RGB,512.0,384.0,3.0,62.22
cardboard121.jpg,cardboard,../data/raw\cardboard\cardboard121.jpg,11.89,False,JPEG,RGB,512.0,384.0,3.0,57.49
cardboard122.jpg,cardboard,../data/raw\cardboard\cardboard122.jpg,20.8,False,JPEG,RGB,512.0,384.0,3.0,66.7
cardboard123.jpg,cardboard,../data/raw\cardboard\cardboard123.jpg,15.72,False,JPEG,RGB,512.0,384.0,3.0,67.95
cardboard124.jpg,cardboard,../data/raw\cardboard\cardboard124.jpg,17.99,False,JPEG,RGB,512.0,384.0,3.0,86.95
cardboard125.jpg,cardboard,../data/raw\cardboard\cardboard125.jpg,18.89,False,JPEG,RGB,512.0,384.0,3.0,66.49
cardboard126.jpg,cardboard,../data/raw\cardboard\cardboard126.jpg,21.06,False,JPEG,RGB,512.0,384.0,3.0,45.64
cardboard127.jpg,cardboard,../data/raw\cardboard\cardboard127.jpg,20.19,False,JPEG,RGB,512.0,384.0,3.0,48.63
cardboard128.jpg,cardboard,../data/raw\cardboard\cardboard128.jpg,13.24,False,JPEG,RGB,512.0,384.0,3.0,66.32
cardboard129.jpg,cardboard,../data/raw\cardboard\cardboard129.jpg,15.66,False,JPEG,RGB,512.0,384.0,3.0,56.09
cardboard13.jpg,cardboard,../data/raw\cardboard\cardboard13.jpg,32.12,False,JPEG,RGB,512.0,384.0,3.0,39.27
cardboard130.jpg,cardboard,../data/raw\cardboard\cardboard130.jpg,16.25,False,JPEG,RGB,512.0,384.0,3.0,49.97
cardboard131.jpg,cardboard,../data/raw\cardboard\cardboard131.jpg,13.42,False,JPEG,RGB,512.0,384.0,3.0,45.85
cardboard132.jpg,cardboard,../data/raw\cardboard\cardboard132.jpg,10.29,False,JPEG,RGB,512.0,384.0,3.0,35.2
cardboard133.jpg,cardboard,../data/raw\cardboard\cardboard133.jpg,8.73,False,JPEG,RGB,512.0,384.0,3.0,34.85
cardboard134.jpg,cardboard,../data/raw\cardboard\cardboard134.jpg,9.59,False,JPEG,RGB,512.0,384.0,3.0,38.97
cardboard135.jpg,cardboard,../data/raw\cardboard\cardboard135.jpg,19.64,False,JPEG,RGB,512.0,384.0,3.0,39.73
cardboard136.jpg,cardboard,../data/raw\cardboard\cardboard136.jpg,7.61,False,JPEG,RGB,512.0,384.0,3.0,25.9
cardboard137.jpg,cardboard,../data/raw\cardboard\cardboard137.jpg,7.54,False,JPEG,RGB,512.0,384.0,3.0,30.85
cardboard138.jpg,cardboard,../data/raw\cardboard\cardboard138.jpg,17.44,False,JPEG,RGB,512.0,384.0,3.0,43.55
cardboard139.jpg,cardboard,../data/raw\cardboard\cardboard139.jpg,21.69,False,JPEG,RGB,512.0,384.0,3.0,40.87
cardboard13v.png,cardboard,../data/raw\cardboard\cardboard13v.png,216.63,False,PNG,RGBA,512.0,384.0,4.0,38.42
cardboard14.jpg,cardboard,../data/raw\cardboard\cardboard14.jpg,14.31,False,JPEG,RGB,512.0,384.0,3.0,53.5
cardboard140.jpg,cardboard,../data/raw\cardboard\cardboard140.jpg,16.87,False,JPEG,RGB,512.0,384.0,3.0,57.2
cardboard141.jpg,cardboard,../data/raw\cardboard\cardboard141.jpg,24.29,False,JPEG,RGB,512.0,384.0,3.0,46.84
cardboard142.jpg,cardboard,../data/raw\cardboard\cardboard142.jpg,11.04,False,JPEG,RGB,512.0,384.0,3.0,44.92
cardboard143.jpg,cardboard,../data/raw\cardboard\cardboard143.jpg,15.66,False,JPEG,RGB,512.0,384.0,3.0,34.7
cardboard144.jpg,cardboard,../data/raw\cardboard\cardboard144.jpg,13.28,False,JPEG,RGB,512.0,384.0,3.0,50.53
cardboard145.jpg,cardboard,../data/raw\cardboard\cardboard145.jpg,12.02,False,JPEG,RGB,512.0,384.0,3.0,47.19
cardboard146.jpg,cardboard,../data/raw\cardboard\cardboard146.jpg,15.85,False,JPEG,RGB,512.0,384.0,3.0,56.67
cardboard147.jpg,cardboard,../data/raw\cardboard\cardboard147.jpg,15.88,False,JPEG,RGB,512.0,384.0,3.0,57.39
cardboard148.jpg,cardboard,../data/raw\cardboard\cardboard148.jpg,19.65,False,JPEG,RGB,512.0,384.0,3.0,54.53
cardboard149.jpg,cardboard,../data/raw\cardboard\cardboard149.jpg,13.98,False,JPEG,RGB,512.0,384.0,3.0,78.1
cardboard15.jpg,cardboard,../data/raw\cardboard\cardboard15.jpg,11.69,False,JPEG,RGB,512.0,384.0,3.0,46.62
cardboard150.jpg,cardboard,../data/raw\cardboard\cardboard150.jpg,10.84,False,JPEG,RGB,512.0,384.0,3.0,34.68
cardboard151.jpg,cardboard,../data/raw\cardboard\cardboard151.jpg,9.79,False,JPEG,RGB,512.0,384.0,3.0,32.68
cardboard152.jpg,cardboard,../data/raw\cardboard\cardboard152.jpg,9.17,False,JPEG,RGB,512.0,384.0,3.0,39.06
cardboard153.jpg,cardboard,../data/raw\cardboard\cardboard153.jpg,17.08,False,JPEG,RGB,512.0,384.0,3.0,45.72
cardboard154.jpg,cardboard,../data/raw\cardboard\cardboard154.jpg,14.51,False,JPEG,RGB,512.0,384.0,3.0,46.18
cardboard155.jpg,cardboard,../data/raw\cardboard\cardboard155.jpg,16.37,False,JPEG,RGB,512.0,384.0,3.0,41.6
cardboard156.jpg,cardboard,../data/raw\cardboard\cardboard156.jpg,14.34,False,JPEG,RGB,512.0,384.0,3.0,61.64
cardboard157.jpg,cardboard,../data/raw\cardboard\cardboard157.jpg,17.73,False,JPEG,RGB,512.0,384.0,3.0,44.56
cardboard158.jpg,cardboard,../data/raw\cardboard\cardboard158.jpg,18.49,False,JPEG,RGB,512.0,384.0,3.0,66.25
cardboard159.jpg,cardboard,../data/raw\cardboard\cardboard159.jpg,15.94,False,JPEG,RGB,512.0,384.0,3.0,54.98
cardboard16.jpg,cardboard,../data/raw\cardboard\cardboard16.jpg,12.45,False,JPEG,RGB,512.0,384.0,3.0,59.83
cardboard160.jpg,cardboard,../data/raw\cardboard\cardboard160.jpg,15.8,False,JPEG,RGB,512.0,384.0,3.0,56.72
cardboard161.jpg,cardboard,../data/raw\cardboard\cardboard161.jpg,24.14,False,JPEG,RGB,512.0,384.0,3.0,41.72
cardboard17.jpg,cardboard,../data/raw\cardboard\cardboard17.jpg,27.69,False,JPEG,RGB,512.0,384.0,3.0,29.37
cardboard18.jpg,cardboard,../data/raw\cardboard\cardboard18.jpg,21.97,False,JPEG,RGB,512.0,384.0,3.0,43.4
cardboard19.jpg,cardboard,../data/raw\cardboard\cardboard19.jpg,19.35,False,JPEG,RGB,512.0,384.0,3.0,45.29
cardboard2.jpg,cardboard,../data/raw\cardboard\cardboard2.jpg,17.69,False,JPEG,RGB,512.0,384.0,3.0,36.3
cardboard20.jpg,cardboard,../data/raw\cardboard\cardboard20.jpg,22.79,False,JPEG,RGB,512.0,384.0,3.0,29.78
cardboard21.jpg,cardboard,../data/raw\cardboard\cardboard21.jpg,15.15,False,JPEG,RGB,512.0,384.0,3.0,36.51
cardboard22.jpg,cardboard,../data/raw\cardboard\cardboard22.jpg,1.22,False,JPEG,RGB,32.0,32.0,3.0,44.03
cardboard23.jpg,cardboard,../data/raw\cardboard\cardboard23.jpg,18.99,False,JPEG,RGB,512.0,384.0,3.0,48.22
cardboard24.jpg,cardboard,../data/raw\cardboard\cardboard24.jpg,18.6,False,JPEG,RGB,512.0,384.0,3.0,41.56
cardboard25.jpg,cardboard,../data/raw\cardboard\cardboard25.jpg,25.21,False,JPEG,RGB,512.0,384.0,3.0,27.25
cardboard25g.png,cardboard,../data/raw\cardboard\cardboard25g.png,196.92,False,PNG,RGBA,512.0,384.0,4.0,29.42
cardboard26.jpg,cardboard,../data/raw\cardboard\cardboard26.jpg,13.76,False,JPEG,RGB,512.0,384.0,3.0,66.45
cardboard27.jpg,cardboard,../data/raw\cardboard\cardboard27.jpg,24.27,False,JPEG,RGB,512.0,384.0,3.0,43.92
cardboard28.jpg,cardboard,../data/raw\cardboard\cardboard28.jpg,14.37,False,JPEG,RGB,512.0,384.0,3.0,55.54
cardboard29.jpg,cardboard,../data/raw\cardboard\cardboard29.jpg,21.34,False,JPEG,RGB,512.0,384.0,3.0,45.32
cardboard3.jpg,cardboard,../data/raw\cardboard\cardboard3.jpg,20.75,False,JPEG,RGB,512.0,384.0,3.0,41.29
cardboard30.jpg,cardboard,../data/raw\cardboard\cardboard30.jpg,19.75,False,JPEG,RGB,512.0,384.0,3.0,29.25
cardboard31.jpg,cardboard,../data/raw\cardboard\cardboard31.jpg,21.58,False,JPEG,RGB,512.0,384.0,3.0,43.46
cardboard32.jpg,cardboard,../data/raw\cardboard\cardboard32.jpg,21.35,False,JPEG,RGB,512.0,384.0,3.0,40.45
cardboard33.jpg,cardboard,../data/raw\cardboard\cardboard33.jpg,11.97,False,JPEG,RGB,512.0,384.0,3.0,33.9
cardboard34.jpg,cardboard,../data/raw\cardboard\cardboard34.jpg,23.12,False,JPEG,RGB,512.0,384.0,3.0,23.99
cardboard35.jpg,cardboard,../data/raw\cardboard\cardboard35.jpg,19.25,False,JPEG,RGB,512.0,384.0,3.0,43.68
cardboard35tg.png,cardboard,../data/raw\cardboard\cardboard35tg.png,180.2,False,PNG,RGBA,512.0,384.0,4.0,77.59
cardboard36.jpg,cardboard,../data/raw\cardboard\cardboard36.jpg,18.87,False,JPEG,RGB,512.0,384.0,3.0,41.16
cardboard37.jpg,cardboard,../data/raw\cardboard\cardboard37.jpg,21.02,False,JPEG,RGB,512.0,384.0,3.0,52.96
cardboard38.jpg,cardboard,../data/raw\cardboard\cardboard38.jpg,21.59,False,JPEG,RGB,512.0,384.0,3.0,40.32
cardboard39.jpg,cardboard,../data/raw\cardboard\cardboard39.jpg,22.04,False,JPEG,RGB,512.0,384.0,3.0,41.22
cardboard4.jpg,cardboard,../data/raw\cardboard\cardboard4.jpg,17.97,False,JPEG,RGB,512.0,384.0,3.0,47.09
cardboard40.jpg,cardboard,../data/raw\cardboard\cardboard40.jpg,22.04,False,JPEG,RGB,512.0,384.0,3.0,40.49
cardboard41.jpg,cardboard,../data/raw\cardboard\cardboard41.jpg,11.15,False,JPEG,RGB,512.0,384.0,3.0,84.36
cardboard42.jpg,cardboard,../data/raw\cardboard\cardboard42.jpg,13.33,False,JPEG,RGB,512.0,384.0,3.0,51.5
cardboard43.jpg,cardboard,../data/raw\cardboard\cardboard43.jpg,12.42,False,JPEG,RGB,512.0,384.0,3.0,55.51
cardboard44.jpg,cardboard,../data/raw\cardboard\cardboard44.jpg,21.58,False,JPEG,RGB,512.0,384.0,3.0,45.5
cardboard45.jpg,cardboard,../data/raw\cardboard\cardboard45.jpg,24.0,False,JPEG,RGB,512.0,384.0,3.0,32.14
cardboard46.jpg,cardboard,../data/raw\cardboard\cardboard46.jpg,16.04,False,JPEG,RGB,512.0,384.0,3.0,58.03
cardboard47.jpg,cardboard,../data/raw\cardboard\cardboard47.jpg,19.7,False,JPEG,RGB,512.0,384.0,3.0,45.66
cardboard48.jpg,cardboard,../data/raw\cardboard\cardboard48.jpg,23.74,False,JPEG,RGB,512.0,384.0,3.0,35.4
cardboard49.jpg,cardboard,../data/raw\cardboard\cardboard49.jpg,15.7,False,JPEG,RGB,512.0,384.0,3.0,36.2
cardboard4g.png,cardboard,../data/raw\cardboard\cardboard4g.png,131.67,False,PNG,RGBA,512.0,384.0,4.0,47.25
cardboard5.jpg,cardboard,../data/raw\cardboard\cardboard5.jpg,18.49,False,JPEG,RGB,512.0,384.0,3.0,34.91
cardboard50.jpg,cardboard,../data/raw\cardboard\cardboard50.jpg,21.29,False,JPEG,RGB,512.0,384.0,3.0,54.81
cardboard50rg.png,cardboard,../data/raw\cardboard\cardboard50rg.png,150.72,False,PNG,RGBA,512.0,384.0,4.0,55.11
cardboard51.jpg,cardboard,../data/raw\cardboard\cardboard51.jpg,21.17,False,JPEG,RGB,512.0,384.0,3.0,37.03
cardboard53.jpg,cardboard,../data/raw\cardboard\cardboard53.jpg,16.95,False,JPEG,RGB,512.0,384.0,3.0,44.34
cardboard54.jpg,cardboard,../data/raw\cardboard\cardboard54.jpg,13.78,False,JPEG,RGB,512.0,384.0,3.0,36.51
cardboard55.jpg,cardboard,../data/raw\cardboard\cardboard55.jpg,18.98,False,JPEG,RGB,512.0,384.0,3.0,42.07
cardboard56.jpg,cardboard,../data/raw\cardboard\cardboard56.jpg,19.37,False,JPEG,RGB,512.0,384.0,3.0,51.44
cardboard57.jpg,cardboard,../data/raw\cardboard\cardboard57.jpg,23.73,False,JPEG,RGB,512.0,384.0,3.0,38.99
cardboard58.jpg,cardboard,../data/raw\cardboard\cardboard58.jpg,20.03,False,JPEG,RGB,512.0,384.0,3.0,40.31
cardboard59.jpg,cardboard,../data/raw\cardboard\cardboard59.jpg,28.09,False,JPEG,RGB,512.0,384.0,3.0,26.55
cardboard6.jpg,cardboard,../data/raw\cardboard\cardboard6.jpg,14.48,False,JPEG,RGB,512.0,384.0,3.0,27.73
cardboard60.jpg,cardboard,../data/raw\cardboard\cardboard60.jpg,19.03,False,JPEG,RGB,512.0,384.0,3.0,46.46
cardboard61.jpg,cardboard,../data/raw\cardboard\cardboard61.jpg,19.18,False,JPEG,RGB,512.0,384.0,3.0,48.15
cardboard62.jpg,cardboard,../data/raw\cardboard\cardboard62.jpg,16.1,False,JPEG,RGB,512.0,384.0,3.0,43.98
cardboard63.jpg,cardboard,../data/raw\cardboard\cardboard63.jpg,11.84,False,JPEG,RGB,512.0,384.0,3.0,35.13
cardboard64.jpg,cardboard,../data/raw\cardboard\cardboard64.jpg,16.65,False,JPEG,RGB,512.0,384.0,3.0,42.44
cardboard65.jpg,cardboard,../data/raw\cardboard\cardboard65.jpg,20.17,False,JPEG,RGB,512.0,384.0,3.0,66.21
cardboard66.jpg,cardboard,../data/raw\cardboard\cardboard66.jpg,25.54,False,JPEG,RGB,512.0,384.0,3.0,40.25
cardboard67.jpg,cardboard,../data/raw\cardboard\cardboard67.jpg,11.91,False,JPEG,RGB,512.0,384.0,3.0,45.03
cardboard68.jpg,cardboard,../data/raw\cardboard\cardboard68.jpg,19.7,False,JPEG,RGB,512.0,384.0,3.0,29.85
cardboard69.jpg,cardboard,../data/raw\cardboard\cardboard69.jpg,22.35,False,JPEG,RGB,512.0,384.0,3.0,37.98
cardboard7.jpg,cardboard,../data/raw\cardboard\cardboard7.jpg,19.69,False,JPEG,RGB,512.0,384.0,3.0,43.28
cardboard70.jpg,cardboard,../data/raw\cardboard\cardboard70.jpg,1.73,False,JPEG,RGB,40.0,40.0,3.0,59.89
cardboard71.jpg,cardboard,../data/raw\cardboard\cardboard71.jpg,21.89,False,JPEG,RGB,512.0,384.0,3.0,36.07
cardboard72.jpg,cardboard,../data/raw\cardboard\cardboard72.jpg,21.62,False,JPEG,RGB,512.0,384.0,3.0,35.02
cardboard73.jpg,cardboard,../data/raw\cardboard\cardboard73.jpg,21.03,False,JPEG,RGB,512.0,384.0,3.0,37.45
cardboard74.jpg,cardboard,../data/raw\cardboard\cardboard74.jpg,20.42,False,JPEG,RGB,512.0,384.0,3.0,39.8
cardboard75.jpg,cardboard,../data/raw\cardboard\cardboard75.jpg,12.09,False,JPEG,RGB,512.0,384.0,3.0,39.94
cardboard76.jpg,cardboard,../data/raw\cardboard\cardboard76.jpg,18.28,False,JPEG,RGB,512.0,384.0,3.0,44.26
cardboard77.jpg,cardboard,../data/raw\cardboard\cardboard77.jpg,14.62,False,JPEG,RGB,512.0,384.0,3.0,22.99
cardboard78.jpg,cardboard,../data/raw\cardboard\cardboard78.jpg,16.95,False,JPEG,RGB,512.0,384.0,3.0,33.3
cardboard79.jpg,cardboard,../data/raw\cardboard\cardboard79.jpg,24.59,False,JPEG,RGB,512.0,384.0,3.0,36.24
cardboard8.jpg,cardboard,../data/raw\cardboard\cardboard8.jpg,14.87,False,JPEG,RGB,512.0,384.0,3.0,71.44
cardboard80.jpg,cardboard,../data/raw\cardboard\cardboard80.jpg,15.64,False,JPEG,RGB,512.0,384.0,3.0,25.0
cardboard81.jpg,cardboard,../data/raw\cardboard\cardboard81.jpg,25.11,False,JPEG,RGB,512.0,384.0,3.0,49.6
cardboard82.jpg,cardboard,../data/raw\cardboard\cardboard82.jpg,21.09,False,JPEG,RGB,512.0,384.0,3.0,40.65
cardboard83.jpg,cardboard,../data/raw\cardboard\cardboard83.jpg,20.4,True,,,,,,
cardboard84.jpg,cardboard,../data/raw\cardboard\cardboard84.jpg,29.48,False,JPEG,RGB,512.0,384.0,3.0,41.48
cardboard85.jpg,cardboard,../data/raw\cardboard\cardboard85.jpg,14.56,False,JPEG,RGB,512.0,384.0,3.0,59.06
cardboard85g.png,cardboard,../data/raw\cardboard\cardboard85g.png,123.0,False,PNG,RGBA,512.0,384.0,4.0,59.52
cardboard86.jpg,cardboard,../data/raw\cardboard\cardboard86.jpg,9.87,False,JPEG,RGB,512.0,384.0,3.0,16.89
cardboard86d.jpg,cardboard,../data/raw\cardboard\cardboard86d.jpg,14.13,False,JPEG,RGB,512.0,384.0,3.0,53.94
cardboard87.jpg,cardboard,../data/raw\cardboard\cardboard87.jpg,20.15,False,JPEG,RGB,512.0,384.0,3.0,39.43
cardboard88.jpg,cardboard,../data/raw\cardboard\cardboard88.jpg,30.07,False,JPEG,RGB,512.0,384.0,3.0,36.91
cardboard89.jpg,cardboard,../data/raw\cardboard\cardboard89.jpg,22.29,False,JPEG,RGB,512.0,384.0,3.0,53.29
cardboard9.jpg,cardboard,../data/raw\cardboard\cardboard9.jpg,18.83,False,JPEG,RGB,512.0,384.0,3.0,20.68
cardboard90.jpg,cardboard,../data/raw\cardboard\cardboard90.jpg,23.25,False,JPEG,RGB,512.0,384.0,3.0,30.81
cardboard91.jpg,cardboard,../data/raw\cardboard\cardboard91.jpg,16.25,False,JPEG,RGB,512.0,384.0,3.0,46.14
cardboard92.jpg,cardboard,../data/raw\cardboard\cardboard92.jpg,26.1,False,JPEG,RGB,512.0,384.0,3.0,31.46
cardboard93.jpg,cardboard,../data/raw\cardboard\cardboard93.jpg,19.11,False,JPEG,RGB,512.0,384.0,3.0,42.85
cardboard94.jpg,cardboard,../data/raw\cardboard\cardboard94.jpg,14.88,False,JPEG,RGB,512.0,384.0,3.0,61.46
cardboard95.jpg,cardboard,../data/raw\cardboard\cardboard95.jpg,29.99,False,JPEG,RGB,512.0,384.0,3.0,74.64
cardboard96.jpg,cardboard,../data/raw\cardboard\cardboard96.jpg,18.92,False,JPEG,RGB,512.0,384.0,3.0,45.46
cardboard97.jpg,cardboard,../data/raw\cardboard\cardboard97.jpg,23.91,False,JPEG,RGB,512.0,384.0,3.0,33.59
cardboard98.jpg,cardboard,../data/raw\cardboard\cardboard98.jpg,21.03,False,JPEG,RGB,512.0,384.0,3.0,53.21
cardboard99.jpg,cardboard,../data/raw\cardboard\cardboard99.jpg,9.82,False,JPEG,RGB,512.0,384.0,3.0,47.38
image-blanche-512x384.jpg,cardboard,../data/raw\cardboard\image-blanche-512x384.jpg,4.02,False,JPEG,RGB,512.0,384.0,3.0,1.13
image-violet-512x384.gif,cardboard,../data/raw\cardboard\image-violet-512x384.gif,35.04,False,GIF,P,512.0,384.0,1.0,13.06
glass1.jpg,glass,../data/raw\glass\glass1.jpg,8.1,False,JPEG,RGB,512.0,384.0,3.0,51.49
glass10.jpg,glass,../data/raw\glass\glass10.jpg,8.52,False,JPEG,RGB,512.0,384.0,3.0,44.43
glass100.jpg,glass,../data/raw\glass\glass100.jpg,1.55,False,JPEG,RGB,40.0,40.0,3.0,65.11
glass101.jpg,glass,../data/raw\glass\glass101.jpg,14.72,False,JPEG,RGB,512.0,384.0,3.0,45.26
glass102.jpg,glass,../data/raw\glass\glass102.jpg,11.98,False,JPEG,RGB,512.0,384.0,3.0,37.02
glass103.jpg,glass,../data/raw\glass\glass103.jpg,11.1,False,JPEG,RGB,512.0,384.0,3.0,36.77
glass104.jpg,glass,../data/raw\glass\glass104.jpg,13.59,False,JPEG,RGB,512.0,384.0,3.0,31.78
glass105.jpg,glass,../data/raw\glass\glass105.jpg,10.71,False,JPEG,RGB,512.0,384.0,3.0,50.34
glass106.jpg,glass,../data/raw\glass\glass106.jpg,11.38,False,JPEG,RGB,512.0,384.0,3.0,30.51
glass107.jpg,glass,../data/raw\glass\glass107.jpg,15.39,False,JPEG,RGB,512.0,384.0,3.0,73.35
glass108.jpg,glass,../data/raw\glass\glass108.jpg,13.62,False,JPEG,RGB,512.0,384.0,3.0,43.45
glass109.jpg,glass,../data/raw\glass\glass109.jpg,18.54,False,JPEG,RGB,512.0,384.0,3.0,52.27
glass109g.png,glass,../data/raw\glass\glass109g.png,136.97,False,PNG,RGBA,512.0,384.0,4.0,53.62
glass11.jpg,glass,../data/raw\glass\glass11.jpg,11.18,False,JPEG,RGB,512.0,384.0,3.0,51.68
glass110.jpg,glass,../data/raw\glass\glass110.jpg,19.81,False,JPEG,RGB,512.0,384.0,3.0,45.38
glass111.jpg,glass,../data/raw\glass\glass111.jpg,17.59,False,JPEG,RGB,512.0,384.0,3.0,42.01
glass112.jpg,glass,../data/raw\glass\glass112.jpg,12.15,False,JPEG,RGB,512.0,384.0,3.0,44.33
glass113.jpg,glass,../data/raw\glass\glass113.jpg,9.37,False,JPEG,RGB,512.0,384.0,3.0,68.42
glass114.jpg,glass,../data/raw\glass\glass114.jpg,11.73,False,JPEG,RGB,512.0,384.0,3.0,57.02
glass115.jpg,glass,../data/raw\glass\glass115.jpg,8.47,False,JPEG,RGB,512.0,384.0,3.0,33.94
glass116.jpg,glass,../data/raw\glass\glass116.jpg,17.45,False,JPEG,RGB,512.0,384.0,3.0,32.98
glass117.jpg,glass,../data/raw\glass\glass117.jpg,22.67,False,JPEG,RGB,512.0,384.0,3.0,62.31
glass117g.png,glass,../data/raw\glass\glass117g.png,136.78,False,PNG,RGBA,512.0,384.0,4.0,64.4
glass118.jpg,glass,../data/raw\glass\glass118.jpg,15.13,False,JPEG,RGB,512.0,384.0,3.0,79.85
glass119.jpg,glass,../data/raw\glass\glass119.jpg,12.01,False,JPEG,RGB,512.0,384.0,3.0,73.95
glass11g.png,glass,../data/raw\glass\glass11g.png,75.96,False,PNG,RGBA,512.0,384.0,4.0,50.69
glass12.jpg,glass,../data/raw\glass\glass12.jpg,7.31,False,JPEG,RGB,512.0,384.0,3.0,12.59
glass120.jpg,glass,../data/raw\glass\glass120.jpg,8.95,False,JPEG,RGB,512.0,384.0,3.0,63.02
glass121.jpg,glass,../data/raw\glass\glass121.jpg,15.53,False,JPEG,RGB,512.0,384.0,3.0,64.22
glass122.jpg,glass,../data/raw\glass\glass122.jpg,23.6,False,JPEG,RGB,512.0,384.0,3.0,69.71
glass123.jpg,glass,../data/raw\glass\glass123.jpg,17.05,False,JPEG,RGB,512.0,384.0,3.0,37.43
glass124.jpg,glass,../data/raw\glass\glass124.jpg,12.8,False,JPEG,RGB,512.0,384.0,3.0,31.6
glass125.jpg,glass,../data/raw\glass\glass125.jpg,14.31,False,JPEG,RGB,512.0,384.0,3.0,59.47
glass126.jpg,glass,../data/raw\glass\glass126.jpg,11.56,False,JPEG,RGB,512.0,384.0,3.0,38.33
glass127.jpg,glass,../data/raw\glass\glass127.jpg,8.28,False,JPEG,RGB,512.0,384.0,3.0,39.0
glass128.jpg,glass,../data/raw\glass\glass128.jpg,15.73,False,JPEG,RGB,512.0,384.0,3.0,47.76
glass129.jpg,glass,../data/raw\glass\glass129.jpg,13.53,False,JPEG,RGB,512.0,384.0,3.0,76.88
glass12er.jpg,glass,../data/raw\glass\glass12er.jpg,38.85,False,JPEG,RGB,512.0,384.0,3.0,53.19
glass13.jpg,glass,../data/raw\glass\glass13.jpg,7.48,False,JPEG,RGB,512.0,384.0,3.0,11.31
glass130.jpg,glass,../data/raw\glass\glass130.jpg,10.99,False,JPEG,RGB,512.0,384.0,3.0,63.06
glass131.jpg,glass,../data/raw\glass\glass131.jpg,12.45,False,JPEG,RGB,512.0,384.0,3.0,43.63
glass132.jpg,glass,../data/raw\glass\glass132.jpg,8.96,False,JPEG,RGB,512.0,384.0,3.0,51.81
glass133.jpg,glass,../data/raw\glass\glass133.jpg,11.07,False,JPEG,RGB,512.0,384.0,3.0,63.25
glass134.jpg,glass,../data/raw\glass\glass134.jpg,14.02,False,JPEG,RGB,512.0,384.0,3.0,51.51
glass135.jpg,glass,../data/raw\glass\glass135.jpg,14.15,False,JPEG,RGB,512.0,384.0,3.0,47.97
glass136.jpg,glass,../data/raw\glass\glass136.jpg,10.32,False,JPEG,RGB,512.0,384.0,3.0,41.49
glass137.jpg,glass,../data/raw\glass\glass137.jpg,17.12,False,JPEG,RGB,512.0,384.0,3.0,31.29
glass138.jpg,glass,../data/raw\glass\glass138.jpg,16.95,False,JPEG,RGB,512.0,384.0,3.0,36.42
glass139.jpg,glass,../data/raw\glass\glass139.jpg,15.58,False,JPEG,RGB,512.0,384.0,3.0,30.42
glass14.jpg,glass,../data/raw\glass\glass14.jpg,7.72,False,JPEG,RGB,512.0,384.0,3.0,17.17
glass140.jpg,glass,../data/raw\glass\glass140.jpg,9.27,False,JPEG,RGB,512.0,384.0,3.0,44.25
glass141.jpg,glass,../data/raw\glass\glass141.jpg,12.26,False,JPEG,RGB,512.0,384.0,3.0,67.82
glass142.jpg,glass,../data/raw\glass\glass142.jpg,15.02,False,JPEG,RGB,512.0,384.0,3.0,75.96
glass143.jpg,glass,../data/raw\glass\glass143.jpg,11.63,False,JPEG,RGB,512.0,384.0,3.0,77.86
glass144.jpg,glass,../data/raw\glass\glass144.jpg,13.57,False,JPEG,RGB,512.0,384.0,3.0,42.39
glass145.jpg,glass,../data/raw\glass\glass145.jpg,16.72,False,JPEG,RGB,512.0,384.0,3.0,62.79
glass146.jpg,glass,../data/raw\glass\glass146.jpg,10.63,False,JPEG,RGB,512.0,384.0,3.0,57.06
glass147.jpg,glass,../data/raw\glass\glass147.jpg,10.02,False,JPEG,RGB,512.0,384.0,3.0,28.3
glass148.jpg,glass,../data/raw\glass\glass148.jpg,16.22,False,JPEG,RGB,512.0,384.0,3.0,49.31
glass149.jpg,glass,../data/raw\glass\glass149.jpg,12.35,False,JPEG,RGB,512.0,384.0,3.0,34.77
glass15.jpg,glass,../data/raw\glass\glass15.jpg,0.9,False,JPEG,RGB,48.0,32.0,3.0,15.26
glass150.jpg,glass,../data/raw\glass\glass150.jpg,17.61,False,JPEG,RGB,512.0,384.0,3.0,32.78
glass151.jpg,glass,../data/raw\glass\glass151.jpg,16.62,False,JPEG,RGB,512.0,384.0,3.0,64.42
glass152.jpg,glass,../data/raw\glass\glass152.jpg,13.59,False,JPEG,RGB,512.0,384.0,3.0,67.48
glass153.jpg,glass,../data/raw\glass\glass153.jpg,14.56,False,JPEG,RGB,512.0,384.0,3.0,47.48
glass154.jpg,glass,../data/raw\glass\glass154.jpg,15.96,False,JPEG,RGB,512.0,384.0,3.0,64.43
glass155.jpg,glass,../data/raw\glass\glass155.jpg,11.64,False,JPEG,RGB,512.0,384.0,3.0,42.23
glass156.jpg,glass,../data/raw\glass\glass156.jpg,18.43,False,JPEG,RGB,512.0,384.0,3.0,50.41
glass157.jpg,glass,../data/raw\glass\glass157.jpg,15.7,False,JPEG,RGB,512.0,384.0,3.0,55.71
glass158.jpg,glass,../data/raw\glass\glass158.jpg,11.73,False,JPEG,RGB,512.0,384.0,3.0,50.52
glass159.jpg,glass,../data/raw\glass\glass159.jpg,15.33,False,JPEG,RGB,512.0,384.0,3.0,64.63
glass16.jpg,glass,../data/raw\glass\glass16.jpg,9.2,False,JPEG,RGB,512.0,384.0,3.0,14.45
glass160.jpg,glass,../data/raw\glass\glass160.jpg,13.82,False,JPEG,RGB,512.0,384.0,3.0,35.46
glass161.jpg,glass,../data/raw\glass\glass161.jpg,9.96,False,JPEG,RGB,512.0,384.0,3.0,51.58
glass162.jpg,glass,../data/raw\glass\glass162.jpg,14.27,False,JPEG,RGB,512.0,384.0,3.0,80.07
glass163.jpg,glass,../data/raw\glass\glass163.jpg,18.97,False,JPEG,RGB,512.0,384.0,3.0,57.94
glass164.jpg,glass,../data/raw\glass\glass164.jpg,13.83,False,JPEG,RGB,512.0,384.0,3.0,61.8
glass165.jpg,glass,../data/raw\glass\glass165.jpg,18.08,False,JPEG,RGB,512.0,384.0,3.0,37.2
glass166.jpg,glass,../data/raw\glass\glass166.jpg,10.5,False,JPEG,RGB,512.0,384.0,3.0,45.52
glass167.jpg,glass,../data/raw\glass\glass167.jpg,12.58,False,JPEG,RGB,512.0,384.0,3.0,84.66
glass168.jpg,glass,../data/raw\glass\glass168.jpg,13.19,False,JPEG,RGB,512.0,384.0,3.0,41.81
glass169.jpg,glass,../data/raw\glass\glass169.jpg,11.42,False,JPEG,RGB,512.0,384.0,3.0,24.18
glass17.jpg,glass,../data/raw\glass\glass17.jpg,19.41,False,JPEG,RGB,512.0,384.0,3.0,63.6
glass170.jpg,glass,../data/raw\glass\glass170.jpg,9.42,False,JPEG,RGB,512.0,384.0,3.0,25.4
glass171.jpg,glass,../data/raw\glass\glass171.jpg,10.92,False,JPEG,RGB,512.0,384.0,3.0,22.27
glass172.jpg,glass,../data/raw\glass\glass172.jpg,10.42,False,JPEG,RGB,512.0,384.0,3.0,31.08
glass173.jpg,glass,../data/raw\glass\glass173.jpg,8.78,False,JPEG,RGB,512.0,384.0,3.0,37.88
glass174.jpg,glass,../data/raw\glass\glass174.jpg,16.0,False,JPEG,RGB,512.0,384.0,3.0,38.6
glass175.jpg,glass,../data/raw\glass\glass175.jpg,9.14,False,JPEG,RGB,512.0,384.0,3.0,34.98
glass176.jpg,glass,../data/raw\glass\glass176.jpg,15.81,False,JPEG,RGB,512.0,384.0,3.0,36.25
glass177.jpg,glass,../data/raw\glass\glass177.jpg,17.33,False,JPEG,RGB,512.0,384.0,3.0,44.7
glass178.jpg,glass,../data/raw\glass\glass178.jpg,8.46,False,JPEG,RGB,512.0,384.0,3.0,9.75
glass179.jpg,glass,../data/raw\glass\glass179.jpg,9.53,False,JPEG,RGB,512.0,384.0,3.0,79.13
glass18.jpg,glass,../data/raw\glass\glass18.jpg,11.59,False,JPEG,RGB,512.0,384.0,3.0,34.92
glass180.jpg,glass,../data/raw\glass\glass180.jpg,8.77,False,JPEG,RGB,512.0,384.0,3.0,15.43
glass19.jpg,glass,../data/raw\glass\glass19.jpg,13.01,False,JPEG,RGB,512.0,384.0,3.0,64.97
glass2.jpg,glass,../data/raw\glass\glass2.jpg,10.73,False,JPEG,RGB,512.0,384.0,3.0,17.17
glass20.jpg,glass,../data/raw\glass\glass20.jpg,14.65,False,JPEG,RGB,512.0,384.0,3.0,61.36
glass20g.png,glass,../data/raw\glass\glass20g.png,104.18,False,PNG,RGBA,512.0,384.0,4.0,63.79
glass21.jpg,glass,../data/raw\glass\glass21.jpg,1.32,False,JPEG,RGB,32.0,32.0,3.0,49.56
glass22.jpg,glass,../data/raw\glass\glass22.jpg,11.22,False,JPEG,RGB,512.0,384.0,3.0,60.35
glass23.jpg,glass,../data/raw\glass\glass23.jpg,1.22,False,JPEG,RGB,32.0,32.0,3.0,51.91
glass24.jpg,glass,../data/raw\glass\glass24.jpg,8.17,False,JPEG,RGB,512.0,384.0,3.0,40.55
glass25.jpg,glass,../data/raw\glass\glass25.jpg,14.39,False,JPEG,RGB,512.0,384.0,3.0,33.01
glass26.jpg,glass,../data/raw\glass\glass26.jpg,14.9,False,JPEG,RGB,512.0,384.0,3.0,55.25
glass27.jpg,glass,../data/raw\glass\glass27.jpg,18.41,False,JPEG,RGB,512.0,384.0,3.0,70.61
glass28.jpg,glass,../data/raw\glass\glass28.jpg,15.76,False,JPEG,RGB,512.0,384.0,3.0,59.16
glass29.jpg,glass,../data/raw\glass\glass29.jpg,9.49,False,JPEG,RGB,512.0,384.0,3.0,39.02
glass3.jpg,glass,../data/raw\glass\glass3.jpg,8.44,False,JPEG,RGB,512.0,384.0,3.0,16.92
glass30.jpg,glass,../data/raw\glass\glass30.jpg,9.94,False,JPEG,RGB,512.0,384.0,3.0,53.69
glass31.jpg,glass,../data/raw\glass\glass31.jpg,17.86,False,JPEG,RGB,512.0,384.0,3.0,36.78
glass32.jpg,glass,../data/raw\glass\glass32.jpg,8.77,False,JPEG,RGB,512.0,384.0,3.0,35.04
glass33.jpg,glass,../data/raw\glass\glass33.jpg,11.44,False,JPEG,RGB,512.0,384.0,3.0,75.42
glass34.jpg,glass,../data/raw\glass\glass34.jpg,20.17,False,JPEG,RGB,512.0,384.0,3.0,39.48
glass35.jpg,glass,../data/raw\glass\glass35.jpg,23.44,False,JPEG,RGB,512.0,384.0,3.0,37.85
glass36.jpg,glass,../data/raw\glass\glass36.jpg,11.84,False,JPEG,RGB,512.0,384.0,3.0,68.95
glass37.jpg,glass,../data/raw\glass\glass37.jpg,11.75,False,JPEG,RGB,512.0,384.0,3.0,55.08
glass38.jpg,glass,../data/raw\glass\glass38.jpg,14.01,False,JPEG,RGB,512.0,384.0,3.0,52.85
glass39.jpg,glass,../data/raw\glass\glass39.jpg,17.44,False,JPEG,RGB,512.0,384.0,3.0,37.31
glass4.jpg,glass,../data/raw\glass\glass4.jpg,8.95,False,JPEG,RGB,512.0,384.0,3.0,15.03
glass40.jpg,glass,../data/raw\glass\glass40.jpg,19.12,False,JPEG,RGB,512.0,384.0,3.0,69.55
glass41.jpg,glass,../data/raw\glass\glass41.jpg,13.0,False,JPEG,RGB,512.0,384.0,3.0,31.32
glass43.jpg,glass,../data/raw\glass\glass43.jpg,16.0,False,JPEG,RGB,512.0,384.0,3.0,45.46
glass44.jpg,glass,../data/raw\glass\glass44.jpg,15.86,False,JPEG,RGB,512.0,384.0,3.0,44.18
glass45.jpg,glass,../data/raw\glass\glass45.jpg,10.79,False,JPEG,RGB,512.0,384.0,3.0,64.57
glass46.jpg,glass,../data/raw\glass\glass46.jpg,12.22,False,JPEG,RGB,512.0,384.0,3.0,53.06
glass47.jpg,glass,../data/raw\glass\glass47.jpg,10.77,False,JPEG,RGB,512.0,384.0,3.0,48.94
glass48.jpg,glass,../data/raw\glass\glass48.jpg,9.61,False,JPEG,RGB,512.0,384.0,3.0,50.53
glass49.jpg,glass,../data/raw\glass\glass49.jpg,13.15,False,JPEG,RGB,512.0,384.0,3.0,36.01
glass5.jpg,glass,../data/raw\glass\glass5.jpg,8.95,False,JPEG,RGB,512.0,384.0,3.0,20.04
glass50.jpg,glass,../data/raw\glass\glass50.jpg,17.39,False,JPEG,RGB,512.0,384.0,3.0,34.0
glass51.jpg,glass,../data/raw\glass\glass51.jpg,10.11,False,JPEG,RGB,512.0,384.0,3.0,42.46
glass52.jpg,glass,../data/raw\glass\glass52.jpg,16.14,False,JPEG,RGB,512.0,384.0,3.0,39.26
glass53.jpg,glass,../data/raw\glass\glass53.jpg,9.89,False,JPEG,RGB,512.0,384.0,3.0,69.95
glass54.jpg,glass,../data/raw\glass\glass54.jpg,18.62,False,JPEG,RGB,512.0,384.0,3.0,63.37
glass55.jpg,glass,../data/raw\glass\glass55.jpg,8.04,False,JPEG,RGB,512.0,384.0,3.0,41.59
glass56.jpg,glass,../data/raw\glass\glass56.jpg,9.57,False,JPEG,RGB,512.0,384.0,3.0,46.75
glass57.jpg,glass,../data/raw\glass\glass57.jpg,10.15,False,JPEG,RGB,512.0,384.0,3.0,35.59
glass58.jpg,glass,../data/raw\glass\glass58.jpg,11.04,False,JPEG,RGB,512.0,384.0,3.0,40.26
glass59.jpg,glass,../data/raw\glass\glass59.jpg,12.36,False,JPEG,RGB,512.0,384.0,3.0,41.69
glass6.jpg,glass,../data/raw\glass\glass6.jpg,8.74,False,JPEG,RGB,512.0,384.0,3.0,20.48
glass60.jpg,glass,../data/raw\glass\glass60.jpg,14.84,False,JPEG,RGB,512.0,384.0,3.0,51.64
glass61.jpg,glass,../data/raw\glass\glass61.jpg,19.26,False,JPEG,RGB,512.0,384.0,3.0,57.5
glass62.jpg,glass,../data/raw\glass\glass62.jpg,17.6,False,JPEG,RGB,512.0,384.0,3.0,75.33
glass63.jpg,glass,../data/raw\glass\glass63.jpg,15.51,False,JPEG,RGB,512.0,384.0,3.0,53.99
glass64.jpg,glass,../data/raw\glass\glass64.jpg,13.31,False,JPEG,RGB,512.0,384.0,3.0,60.71
glass65.jpg,glass,../data/raw\glass\glass65.jpg,24.48,False,JPEG,RGB,512.0,384.0,3.0,59.61
glass66.jpg,glass,../data/raw\glass\glass66.jpg,13.51,False,JPEG,RGB,512.0,384.0,3.0,54.43
glass67.jpg,glass,../data/raw\glass\glass67.jpg,15.02,False,JPEG,RGB,512.0,384.0,3.0,47.12
glass68.jpg,glass,../data/raw\glass\glass68.jpg,16.7,False,JPEG,RGB,512.0,384.0,3.0,57.15
glass69.jpg,glass,../data/raw\glass\glass69.jpg,8.5,False,JPEG,RGB,512.0,384.0,3.0,50.56
glass6g.png,glass,../data/raw\glass\glass6g.png,76.34,False,PNG,RGBA,512.0,384.0,4.0,20.44
glass7.jpg,glass,../data/raw\glass\glass7.jpg,10.05,False,JPEG,RGB,512.0,384.0,3.0,64.47
glass70.jpg,glass,../data/raw\glass\glass70.jpg,14.06,False,JPEG,RGB,512.0,384.0,3.0,77.87
glass71.jpg,glass,../data/raw\glass\glass71.jpg,15.93,False,JPEG,RGB,512.0,384.0,3.0,41.95
glass72.jpg,glass,../data/raw\glass\glass72.jpg,13.87,False,JPEG,RGB,512.0,384.0,3.0,65.3
glass73.jpg,glass,../data/raw\glass\glass73.jpg,9.87,False,JPEG,RGB,512.0,384.0,3.0,63.43
glass74.jpg,glass,../data/raw\glass\glass74.jpg,7.02,True,,,,,,
glass75.jpg,glass,../data/raw\glass\glass75.jpg,17.71,False,JPEG,RGB,512.0,384.0,3.0,57.51
glass75g.png,glass,../data/raw\glass\glass75g.png,113.57,False,PNG,RGBA,512.0,384.0,4.0,59.28
glass76.jpg,glass,../data/raw\glass\glass76.jpg,8.96,False,JPEG,RGB,512.0,384.0,3.0,68.04
glass77.jpg,glass,../data/raw\glass\glass77.jpg,12.83,False,JPEG,RGB,512.0,384.0,3.0,59.88
glass78.jpg,glass,../data/raw\glass\glass78.jpg,13.51,False,JPEG,RGB,512.0,384.0,3.0,73.65
glass79.jpg,glass,../data/raw\glass\glass79.jpg,10.58,False,JPEG,RGB,512.0,384.0,3.0,67.02
glass8.jpg,glass,../data/raw\glass\glass8.jpg,7.93,False,JPEG,RGB,512.0,384.0,3.0,53.92
glass80.jpg,glass,../data/raw\glass\glass80.jpg,13.26,False,JPEG,RGB,512.0,384.0,3.0,64.08
glass81.jpg,glass,../data/raw\glass\glass81.jpg,13.23,False,JPEG,RGB,512.0,384.0,3.0,59.09
glass82.jpg,glass,../data/raw\glass\glass82.jpg,10.14,False,JPEG,RGB,512.0,384.0,3.0,50.61
glass83.jpg,glass,../data/raw\glass\glass83.jpg,12.47,False,JPEG,RGB,512.0,384.0,3.0,60.38
glass84.jpg,glass,../data/raw\glass\glass84.jpg,10.68,False,JPEG,RGB,512.0,384.0,3.0,80.41
glass85.jpg,glass,../data/raw\glass\glass85.jpg,16.42,False,JPEG,RGB,512.0,384.0,3.0,78.92
glass86.jpg,glass,../data/raw\glass\glass86.jpg,16.27,False,JPEG,RGB,512.0,384.0,3.0,51.97
glass87.jpg,glass,../data/raw\glass\glass87.jpg,14.73,False,JPEG,RGB,512.0,384.0,3.0,55.2
glass88.jpg,glass,../data/raw\glass\glass88.jpg,11.33,False,JPEG,RGB,512.0,384.0,3.0,58.97
glass89.jpg,glass,../data/raw\glass\glass89.jpg,18.15,False,JPEG,RGB,512.0,384.0,3.0,40.75
glass9.jpg,glass,../data/raw\glass\glass9.jpg,12.34,False,JPEG,RGB,512.0,384.0,3.0,58.11
glass90.jpg,glass,../data/raw\glass\glass90.jpg,8.88,False,JPEG,RGB,512.0,384.0,3.0,79.34
glass91.jpg,glass,../data/raw\glass\glass91.jpg,16.16,False,JPEG,RGB,512.0,384.0,3.0,53.91
glass92.jpg,glass,../data/raw\glass\glass92.jpg,13.52,False,JPEG,RGB,512.0,384.0,3.0,39.63
glass93.jpg,glass,../data/raw\glass\glass93.jpg,11.97,False,JPEG,RGB,512.0,384.0,3.0,79.01
glass94.jpg,glass,../data/raw\glass\glass94.jpg,8.3,False,JPEG,RGB,512.0,384.0,3.0,52.84
glass95.jpg,glass,../data/raw\glass\glass95.jpg,9.64,False,JPEG,RGB,512.0,384.0,3.0,46.63
glass96.jpg,glass,../data/raw\glass\glass96.jpg,13.34,False,JPEG,RGB,512.0,384.0,3.0,57.03
glass97.jpg,glass,../data/raw\glass\glass97.jpg,12.39,False,JPEG,RGB,512.0,384.0,3.0,75.15
glass98.jpg,glass,../data/raw\glass\glass98.jpg,12.38,False,JPEG,RGB,512.0,384.0,3.0,40.1
glass99.jpg,glass,../data/raw\glass\glass99.jpg,19.53,False,JPEG,RGB,512.0,384.0,3.0,51.5
image-noire-512x384.png,glass,../data/raw\glass\image-noire-512x384.png,1.54,False,PNG,RGBA,512.0,384.0,4.0,0.0
image-violet-512x384.gif,glass,../data/raw\glass\image-violet-512x384.gif,35.04,False,GIF,P,512.0,384.0,1.0,13.06
image-blanche-512x384.jpg,metal,../data/raw\metal\image-blanche-512x384.jpg,4.02,False,JPEG,RGB,512.0,384.0,3.0,1.13
image-noire-512x384.png,metal,../data/raw\metal\image-noire-512x384.png,1.54,False,PNG,RGBA,512.0,384.0,4.0,0.0
metal1.jpg,metal,../data/raw\metal\metal1.jpg,16.84,False,JPEG,RGB,512.0,384.0,3.0,51.95
metal10.jpg,metal,../data/raw\metal\metal10.jpg,13.17,False,JPEG,RGB,512.0,384.0,3.0,47.49
metal100.jpg,metal,../data/raw\metal\metal100.jpg,19.96,False,JPEG,RGB,512.0,384.0,3.0,64.15
metal101.jpg,metal,../data/raw\metal\metal101.jpg,15.84,False,JPEG,RGB,512.0,384.0,3.0,44.92
metal103.jpg,metal,../data/raw\metal\metal103.jpg,13.52,False,JPEG,RGB,512.0,384.0,3.0,44.35
metal104.jpg,metal,../data/raw\metal\metal104.jpg,14.82,False,JPEG,RGB,512.0,384.0,3.0,46.23
metal105.jpg,metal,../data/raw\metal\metal105.jpg,14.73,False,JPEG,RGB,512.0,384.0,3.0,63.16
metal106.jpg,metal,../data/raw\metal\metal106.jpg,18.08,False,JPEG,RGB,512.0,384.0,3.0,64.57
metal107.jpg,metal,../data/raw\metal\metal107.jpg,12.3,False,JPEG,RGB,512.0,384.0,3.0,63.19
metal108.jpg,metal,../data/raw\metal\metal108.jpg,18.26,False,JPEG,RGB,512.0,384.0,3.0,98.73
metal109.jpg,metal,../data/raw\metal\metal109.jpg,11.27,False,JPEG,RGB,512.0,384.0,3.0,58.39
metal11.jpg,metal,../data/raw\metal\metal11.jpg,20.93,False,JPEG,RGB,512.0,384.0,3.0,59.03
metal110.jpg,metal,../data/raw\metal\metal110.jpg,18.92,False,JPEG,RGB,512.0,384.0,3.0,52.91
metal111.jpg,metal,../data/raw\metal\metal111.jpg,30.22,False,JPEG,RGB,512.0,384.0,3.0,56.99
metal112.jpg,metal,../data/raw\metal\metal112.jpg,16.77,False,JPEG,RGB,512.0,384.0,3.0,64.86
metal113.jpg,metal,../data/raw\metal\metal113.jpg,17.41,False,JPEG,RGB,512.0,384.0,3.0,41.87
metal114.jpg,metal,../data/raw\metal\metal114.jpg,35.96,False,JPEG,RGB,512.0,384.0,3.0,67.1
metal115.jpg,metal,../data/raw\metal\metal115.jpg,19.36,False,JPEG,RGB,512.0,384.0,3.0,57.52
metal116.jpg,metal,../data/raw\metal\metal116.jpg,9.44,False,JPEG,RGB,512.0,384.0,3.0,31.43
metal117.jpg,metal,../data/raw\metal\metal117.jpg,19.67,False,JPEG,RGB,512.0,384.0,3.0,43.56
metal118.jpg,metal,../data/raw\metal\metal118.jpg,33.54,False,JPEG,RGB,512.0,384.0,3.0,64.65
metal119.jpg,metal,../data/raw\metal\metal119.jpg,14.21,False,JPEG,RGB,512.0,384.0,3.0,52.94
metal12.jpg,metal,../data/raw\metal\metal12.jpg,9.3,False,JPEG,RGB,512.0,384.0,3.0,65.46
metal120.jpg,metal,../data/raw\metal\metal120.jpg,30.3,False,JPEG,RGB,512.0,384.0,3.0,57.32
metal121.jpg,metal,../data/raw\metal\metal121.jpg,1.14,False,JPEG,RGB,48.0,32.0,3.0,34.04
metal122.jpg,metal,../data/raw\metal\metal122.jpg,16.86,False,JPEG,RGB,512.0,384.0,3.0,43.9
metal123.jpg,metal,../data/raw\metal\metal123.jpg,18.81,False,JPEG,RGB,512.0,384.0,3.0,48.56
metal124.jpg,metal,../data/raw\metal\metal124.jpg,10.74,False,JPEG,RGB,512.0,384.0,3.0,44.52
metal125.jpg,metal,../data/raw\metal\metal125.jpg,13.35,False,JPEG,RGB,512.0,384.0,3.0,41.67
metal125po.jpg,metal,../data/raw\metal\metal125po.jpg,13.35,False,JPEG,RGB,512.0,384.0,3.0,41.67
metal126.jpg,metal,../data/raw\metal\metal126.jpg,17.93,False,JPEG,RGB,512.0,384.0,3.0,49.23
metal127.jpg,metal,../data/raw\metal\metal127.jpg,13.72,False,JPEG,RGB,512.0,384.0,3.0,88.64
metal128.jpg,metal,../data/raw\metal\metal128.jpg,16.57,False,JPEG,RGB,512.0,384.0,3.0,61.26
metal129.jpg,metal,../data/raw\metal\metal129.jpg,14.72,False,JPEG,RGB,512.0,384.0,3.0,68.05
metal13.jpg,metal,../data/raw\metal\metal13.jpg,18.45,False,JPEG,RGB,512.0,384.0,3.0,57.94
metal130.jpg,metal,../data/raw\metal\metal130.jpg,15.42,False,JPEG,RGB,512.0,384.0,3.0,47.25
metal131.jpg,metal,../data/raw\metal\metal131.jpg,9.92,False,JPEG,RGB,512.0,384.0,3.0,42.84
metal132.jpg,metal,../data/raw\metal\metal132.jpg,21.98,False,JPEG,RGB,512.0,384.0,3.0,50.64
metal133.jpg,metal,../data/raw\metal\metal133.jpg,16.56,False,JPEG,RGB,512.0,384.0,3.0,52.23
metal134.jpg,metal,../data/raw\metal\metal134.jpg,14.12,False,JPEG,RGB,512.0,384.0,3.0,61.94
metal135.jpg,metal,../data/raw\metal\metal135.jpg,13.7,False,JPEG,RGB,512.0,384.0,3.0,66.34
metal136.jpg,metal,../data/raw\metal\metal136.jpg,11.4,False,JPEG,RGB,512.0,384.0,3.0,42.11
metal137.jpg,metal,../data/raw\metal\metal137.jpg,21.38,False,JPEG,RGB,512.0,384.0,3.0,76.07
metal138.jpg,metal,../data/raw\metal\metal138.jpg,22.86,False,JPEG,RGB,512.0,384.0,3.0,37.82
metal139.jpg,metal,../data/raw\metal\metal139.jpg,19.98,False,JPEG,RGB,512.0,384.0,3.0,59.04
metal13z.jpg,metal,../data/raw\metal\metal13z.jpg,123.62,False,PNG,RGBA,512.0,384.0,4.0,56.63
metal14.jpg,metal,../data/raw\metal\metal14.jpg,25.26,False,JPEG,RGB,512.0,384.0,3.0,68.66
metal140.jpg,metal,../data/raw\metal\metal140.jpg,18.73,False,JPEG,RGB,512.0,384.0,3.0,51.69
metal15.jpg,metal,../data/raw\metal\metal15.jpg,18.67,False,JPEG,RGB,512.0,384.0,3.0,45.53
metal150.jpg,metal,../data/raw\metal\metal150.jpg,21.4,False,JPEG,RGB,512.0,384.0,3.0,44.81
metal16.jpg,metal,../data/raw\metal\metal16.jpg,32.93,False,JPEG,RGB,512.0,384.0,3.0,56.25
metal17.jpg,metal,../data/raw\metal\metal17.jpg,12.02,False,JPEG,RGB,512.0,384.0,3.0,29.59
metal18.jpg,metal,../data/raw\metal\metal18.jpg,10.74,False,JPEG,RGB,512.0,384.0,3.0,40.54
metal19.jpg,metal,../data/raw\metal\metal19.jpg,13.17,False,JPEG,RGB,512.0,384.0,3.0,68.46
metal2.jpg,metal,../data/raw\metal\metal2.jpg,1.09,False,JPEG,RGB,32.0,32.0,3.0,44.1
metal20.jpg,metal,../data/raw\metal\metal20.jpg,21.61,False,JPEG,RGB,512.0,384.0,3.0,65.92
metal21.jpg,metal,../data/raw\metal\metal21.jpg,15.1,False,JPEG,RGB,512.0,384.0,3.0,49.5
metal22.jpg,metal,../data/raw\metal\metal22.jpg,16.94,False,JPEG,RGB,512.0,384.0,3.0,45.65
metal23.jpg,metal,../data/raw\metal\metal23.jpg,19.62,False,JPEG,RGB,512.0,384.0,3.0,68.27
metal23rer.png,metal,../data/raw\metal\metal23rer.png,121.54,False,PNG,RGBA,512.0,384.0,4.0,69.74
metal24.jpg,metal,../data/raw\metal\metal24.jpg,18.44,False,JPEG,RGB,512.0,384.0,3.0,40.67
metal25.jpg,metal,../data/raw\metal\metal25.jpg,21.02,False,JPEG,RGB,512.0,384.0,3.0,63.3
metal26.jpg,metal,../data/raw\metal\metal26.jpg,1.63,False,JPEG,RGB,40.0,40.0,3.0,57.63
metal27.jpg,metal,../data/raw\metal\metal27.jpg,21.17,False,JPEG,RGB,512.0,384.0,3.0,45.09
metal28.jpg,metal,../data/raw\metal\metal28.jpg,16.98,False,JPEG,RGB,512.0,384.0,3.0,56.1
metal29.jpg,metal,../data/raw\metal\metal29.jpg,16.84,False,JPEG,RGB,512.0,384.0,3.0,49.96
metal3.jpg,metal,../data/raw\metal\metal3.jpg,9.05,False,JPEG,RGB,512.0,384.0,3.0,31.63
metal30.jpg,metal,../data/raw\metal\metal30.jpg,15.66,False,JPEG,RGB,512.0,384.0,3.0,70.59
metal31.jpg,metal,../data/raw\metal\metal31.jpg,22.13,False,JPEG,RGB,512.0,384.0,3.0,69.99
metal32.jpg,metal,../data/raw\metal\metal32.jpg,13.67,False,JPEG,RGB,512.0,384.0,3.0,41.88
metal33.jpg,metal,../data/raw\metal\metal33.jpg,18.08,False,JPEG,RGB,512.0,384.0,3.0,69.78
metal34.jpg,metal,../data/raw\metal\metal34.jpg,15.62,False,JPEG,RGB,512.0,384.0,3.0,53.2
metal35.jpg,metal,../data/raw\metal\metal35.jpg,22.12,False,JPEG,RGB,512.0,384.0,3.0,69.62
metal35rt.jpg,metal,../data/raw\metal\metal35rt.jpg,22.12,False,JPEG,RGB,512.0,384.0,3.0,69.62
metal36.jpg,metal,../data/raw\metal\metal36.jpg,18.75,False,JPEG,RGB,512.0,384.0,3.0,85.59
metal37.jpg,metal,../data/raw\metal\metal37.jpg,10.64,False,JPEG,RGB,512.0,384.0,3.0,30.1
metal38.jpg,metal,../data/raw\metal\metal38.jpg,13.2,False,JPEG,RGB,512.0,384.0,3.0,63.1
metal39.jpg,metal,../data/raw\metal\metal39.jpg,14.56,False,JPEG,RGB,512.0,384.0,3.0,39.38
metal4.jpg,metal,../data/raw\metal\metal4.jpg,7.43,False,JPEG,RGB,512.0,384.0,3.0,26.31
metal40.jpg,metal,../data/raw\metal\metal40.jpg,21.7,False,JPEG,RGB,512.0,384.0,3.0,46.38
metal41.jpg,metal,../data/raw\metal\metal41.jpg,13.3,False,JPEG,RGB,512.0,384.0,3.0,62.72
metal42.jpg,metal,../data/raw\metal\metal42.jpg,28.83,False,JPEG,RGB,512.0,384.0,3.0,60.14
metal43.jpg,metal,../data/raw\metal\metal43.jpg,19.39,False,JPEG,RGB,512.0,384.0,3.0,53.35
metal44.jpg,metal,../data/raw\metal\metal44.jpg,27.73,False,JPEG,RGB,512.0,384.0,3.0,73.35
metal45.jpg,metal,../data/raw\metal\metal45.jpg,12.2,False,JPEG,RGB,512.0,384.0,3.0,69.48
metal46.jpg,metal,../data/raw\metal\metal46.jpg,39.93,False,JPEG,RGB,512.0,384.0,3.0,59.27
metal47.jpg,metal,../data/raw\metal\metal47.jpg,12.91,False,JPEG,RGB,512.0,384.0,3.0,61.73
metal48.jpg,metal,../data/raw\metal\metal48.jpg,7.09,True,,,,,,
metal49.jpg,metal,../data/raw\metal\metal49.jpg,16.27,False,JPEG,RGB,512.0,384.0,3.0,53.44
metal5.jpg,metal,../data/raw\metal\metal5.jpg,21.8,False,JPEG,RGB,512.0,384.0,3.0,34.26
metal50.jpg,metal,../data/raw\metal\metal50.jpg,28.02,False,JPEG,RGB,512.0,384.0,3.0,50.57
metal51.jpg,metal,../data/raw\metal\metal51.jpg,11.6,False,JPEG,RGB,512.0,384.0,3.0,46.75
metal52.jpg,metal,../data/raw\metal\metal52.jpg,40.2,False,JPEG,RGB,512.0,384.0,3.0,59.95
metal53.jpg,metal,../data/raw\metal\metal53.jpg,14.71,False,JPEG,RGB,512.0,384.0,3.0,60.73
metal54.jpg,metal,../data/raw\metal\metal54.jpg,20.94,False,JPEG,RGB,512.0,384.0,3.0,66.75
metal55.jpg,metal,../data/raw\metal\metal55.jpg,26.95,False,JPEG,RGB,512.0,384.0,3.0,55.37
metal56.jpg,metal,../data/raw\metal\metal56.jpg,12.08,False,JPEG,RGB,512.0,384.0,3.0,67.22
metal57.jpg,metal,../data/raw\metal\metal57.jpg,17.01,False,JPEG,RGB,512.0,384.0,3.0,46.42
metal58.jpg,metal,../data/raw\metal\metal58.jpg,10.34,False,JPEG,RGB,512.0,384.0,3.0,59.27
metal59.jpg,metal,../data/raw\metal\metal59.jpg,11.19,False,JPEG,RGB,512.0,384.0,3.0,43.31
metal6.jpg,metal,../data/raw\metal\metal6.jpg,6.22,False,JPEG,RGB,512.0,384.0,3.0,30.39
metal60.jpg,metal,../data/raw\metal\metal60.jpg,13.27,False,JPEG,RGB,512.0,384.0,3.0,70.39
metal61.jpg,metal,../data/raw\metal\metal61.jpg,40.76,False,JPEG,RGB,512.0,384.0,3.0,70.64
metal62.jpg,metal,../data/raw\metal\metal62.jpg,16.99,False,JPEG,RGB,512.0,384.0,3.0,55.69
metal62rt.jpg,metal,../data/raw\metal\metal62rt.jpg,98.26,False,PNG,RGBA,512.0,384.0,4.0,58.31
metal63.jpg,metal,../data/raw\metal\metal63.jpg,13.77,False,JPEG,RGB,512.0,384.0,3.0,58.47
metal64.jpg,metal,../data/raw\metal\metal64.jpg,16.82,False,JPEG,RGB,512.0,384.0,3.0,71.85
metal65.jpg,metal,../data/raw\metal\metal65.jpg,22.85,False,JPEG,RGB,512.0,384.0,3.0,63.88
metal66.jpg,metal,../data/raw\metal\metal66.jpg,14.49,False,JPEG,RGB,512.0,384.0,3.0,57.46
metal67.jpg,metal,../data/raw\metal\metal67.jpg,13.96,False,JPEG,RGB,512.0,384.0,3.0,49.84
metal68.jpg,metal,../data/raw\metal\metal68.jpg,18.28,False,JPEG,RGB,512.0,384.0,3.0,49.74
metal69.jpg,metal,../data/raw\metal\metal69.jpg,11.21,False,JPEG,RGB,512.0,384.0,3.0,40.28
metal7.jpg,metal,../data/raw\metal\metal7.jpg,10.21,False,JPEG,RGB,512.0,384.0,3.0,34.7
metal70.jpg,metal,../data/raw\metal\metal70.jpg,18.1,False,JPEG,RGB,512.0,384.0,3.0,51.69
metal70er.png,metal,../data/raw\metal\metal70er.png,111.7,False,PNG,RGBA,512.0,384.0,4.0,50.51
metal71.jpg,metal,../data/raw\metal\metal71.jpg,24.73,False,JPEG,RGB,512.0,384.0,3.0,58.6
metal72.jpg,metal,../data/raw\metal\metal72.jpg,26.65,False,JPEG,RGB,512.0,384.0,3.0,55.37
metal73.jpg,metal,../data/raw\metal\metal73.jpg,14.18,False,JPEG,RGB,512.0,384.0,3.0,59.8
metal74.jpg,metal,../data/raw\metal\metal74.jpg,26.21,False,JPEG,RGB,512.0,384.0,3.0,57.6
metal75.jpg,metal,../data/raw\metal\metal75.jpg,27.2,False,JPEG,RGB,512.0,384.0,3.0,50.74
metal76.jpg,metal,../data/raw\metal\metal76.jpg,21.65,False,JPEG,RGB,512.0,384.0,3.0,82.12
metal77.jpg,metal,../data/raw\metal\metal77.jpg,36.53,False,JPEG,RGB,512.0,384.0,3.0,63.75
metal78.jpg,metal,../data/raw\metal\metal78.jpg,12.81,False,JPEG,RGB,512.0,384.0,3.0,49.51
metal79.jpg,metal,../data/raw\metal\metal79.jpg,12.25,False,JPEG,RGB,512.0,384.0,3.0,59.4
metal8.jpg,metal,../data/raw\metal\metal8.jpg,8.06,False,JPEG,RGB,512.0,384.0,3.0,37.96
metal80.jpg,metal,../data/raw\metal\metal80.jpg,17.54,False,JPEG,RGB,512.0,384.0,3.0,54.11
metal81.jpg,metal,../data/raw\metal\metal81.jpg,12.36,False,JPEG,RGB,512.0,384.0,3.0,66.15
metal82.jpg,metal,../data/raw\metal\metal82.jpg,15.12,False,JPEG,RGB,512.0,384.0,3.0,38.99
metal83.jpg,metal,../data/raw\metal\metal83.jpg,16.56,False,JPEG,RGB,512.0,384.0,3.0,63.31
metal84.jpg,metal,../data/raw\metal\metal84.jpg,22.41,False,JPEG,RGB,512.0,384.0,3.0,75.9
metal85.jpg,metal,../data/raw\metal\metal85.jpg,10.61,False,JPEG,RGB,512.0,384.0,3.0,52.1
metal86.jpg,metal,../data/raw\metal\metal86.jpg,13.58,False,JPEG,RGB,512.0,384.0,3.0,46.58
metal87.jpg,metal,../data/raw\metal\metal87.jpg,19.97,False,JPEG,RGB,512.0,384.0,3.0,55.38
metal88.jpg,metal,../data/raw\metal\metal88.jpg,21.41,False,JPEG,RGB,512.0,384.0,3.0,80.39
metal89.jpg,metal,../data/raw\metal\metal89.jpg,26.07,False,JPEG,RGB,512.0,384.0,3.0,79.63
metal9.jpg,metal,../data/raw\metal\metal9.jpg,8.7,False,JPEG,RGB,512.0,384.0,3.0,43.15
metal90.jpg,metal,../data/raw\metal\metal90.jpg,14.07,False,JPEG,RGB,512.0,384.0,3.0,48.44
metal91.jpg,metal,../data/raw\metal\metal91.jpg,8.47,False,JPEG,RGB,512.0,384.0,3.0,33.94
metal92.jpg,metal,../data/raw\metal\metal92.jpg,12.09,False,JPEG,RGB,512.0,384.0,3.0,39.92
metal93.jpg,metal,../data/raw\metal\metal93.jpg,20.29,False,JPEG,RGB,512.0,384.0,3.0,75.34
metal94.jpg,metal,../data/raw\metal\metal94.jpg,41.53,False,JPEG,RGB,512.0,384.0,3.0,54.13
metal95.jpg,metal,../data/raw\metal\metal95.jpg,12.14,False,JPEG,RGB,512.0,384.0,3.0,64.98
metal96.jpg,metal,../data/raw\metal\metal96.jpg,10.55,False,JPEG,RGB,512.0,384.0,3.0,76.59
metal97.jpg,metal,../data/raw\metal\metal97.jpg,20.84,False,JPEG,RGB,512.0,384.0,3.0,66.31
metal98.jpg,metal,../data/raw\metal\metal98.jpg,19.49,False,JPEG,RGB,512.0,384.0,3.0,54.07
metal99.jpg,metal,../data/raw\metal\metal99.jpg,13.41,False,JPEG,RGB,512.0,384.0,3.0,59.44
metalyu65.jpg,metal,../data/raw\metal\metalyu65.jpg,22.85,False,JPEG,RGB,512.0,384.0,3.0,63.88
paper1.jpg,paper,../data/raw\paper\paper1.jpg,17.08,False,JPEG,RGB,512.0,384.0,3.0,51.46
paper10.jpg,paper,../data/raw\paper\paper10.jpg,1.23,False,JPEG,RGB,32.0,32.0,3.0,62.48
paper100.jpg,paper,../data/raw\paper\paper100.jpg,45.47,False,JPEG,RGB,512.0,384.0,3.0,73.45
paper101.jpg,paper,../data/raw\paper\paper101.jpg,38.57,False,JPEG,RGB,512.0,384.0,3.0,56.01
paper102.jpg,paper,../data/raw\paper\paper102.jpg,17.93,False,JPEG,RGB,512.0,384.0,3.0,55.96
paper103.jpg,paper,../data/raw\paper\paper103.jpg,41.25,False,JPEG,RGB,512.0,384.0,3.0,63.86
paper104.jpg,paper,../data/raw\paper\paper104.jpg,27.9,False,JPEG,RGB,512.0,384.0,3.0,53.53
paper105.jpg,paper,../data/raw\paper\paper105.jpg,38.4,False,JPEG,RGB,512.0,384.0,3.0,54.89
paper106.jpg,paper,../data/raw\paper\paper106.jpg,25.94,False,JPEG,RGB,512.0,384.0,3.0,72.63
paper107.jpg,paper,../data/raw\paper\paper107.jpg,12.25,False,JPEG,RGB,512.0,384.0,3.0,34.39
paper108.jpg,paper,../data/raw\paper\paper108.jpg,41.47,False,JPEG,RGB,512.0,384.0,3.0,70.75
paper109.jpg,paper,../data/raw\paper\paper109.jpg,43.97,False,JPEG,RGB,512.0,384.0,3.0,52.4
paper11.jpg,paper,../data/raw\paper\paper11.jpg,9.87,False,JPEG,RGB,512.0,384.0,3.0,25.31
paper110.jpg,paper,../data/raw\paper\paper110.jpg,10.58,False,JPEG,RGB,512.0,384.0,3.0,39.16
paper111.jpg,paper,../data/raw\paper\paper111.jpg,21.67,False,JPEG,RGB,512.0,384.0,3.0,79.74
paper112.jpg,paper,../data/raw\paper\paper112.jpg,30.7,False,JPEG,RGB,512.0,384.0,3.0,47.91
paper113.jpg,paper,../data/raw\paper\paper113.jpg,14.21,False,JPEG,RGB,512.0,384.0,3.0,73.24
paper114.jpg,paper,../data/raw\paper\paper114.jpg,47.46,False,JPEG,RGB,512.0,384.0,3.0,53.23
paper115.jpg,paper,../data/raw\paper\paper115.jpg,17.21,False,JPEG,RGB,512.0,384.0,3.0,26.67
paper116.jpg,paper,../data/raw\paper\paper116.jpg,11.1,False,JPEG,RGB,512.0,384.0,3.0,31.09
paper117.jpg,paper,../data/raw\paper\paper117.jpg,9.9,False,JPEG,RGB,512.0,384.0,3.0,23.58
paper118.jpg,paper,../data/raw\paper\paper118.jpg,14.67,False,JPEG,RGB,512.0,384.0,3.0,43.42
paper119.jpg,paper,../data/raw\paper\paper119.jpg,9.14,False,JPEG,RGB,512.0,384.0,3.0,36.7
paper12.jpg,paper,../data/raw\paper\paper12.jpg,21.81,False,JPEG,RGB,512.0,384.0,3.0,39.71
paper120.jpg,paper,../data/raw\paper\paper120.jpg,9.94,False,JPEG,RGB,512.0,384.0,3.0,29.25
paper121.jpg,paper,../data/raw\paper\paper121.jpg,44.44,False,JPEG,RGB,512.0,384.0,3.0,61.38
paper122.jpg,paper,../data/raw\paper\paper122.jpg,15.31,False,JPEG,RGB,512.0,384.0,3.0,41.06
paper123.jpg,paper,../data/raw\paper\paper123.jpg,26.43,False,JPEG,RGB,512.0,384.0,3.0,61.43
paper124.jpg,paper,../data/raw\paper\paper124.jpg,12.88,False,JPEG,RGB,512.0,384.0,3.0,24.24
paper125.jpg,paper,../data/raw\paper\paper125.jpg,21.35,False,JPEG,RGB,512.0,384.0,3.0,54.07
paper126.jpg,paper,../data/raw\paper\paper126.jpg,13.21,False,JPEG,RGB,512.0,384.0,3.0,35.92
paper127.jpg,paper,../data/raw\paper\paper127.jpg,14.57,False,JPEG,RGB,512.0,384.0,3.0,84.97
paper128.jpg,paper,../data/raw\paper\paper128.jpg,13.77,False,JPEG,RGB,512.0,384.0,3.0,27.93
paper129.jpg,paper,../data/raw\paper\paper129.jpg,30.7,False,JPEG,RGB,512.0,384.0,3.0,63.39
paper13.jpg,paper,../data/raw\paper\paper13.jpg,13.77,False,JPEG,RGB,512.0,384.0,3.0,24.54
paper130.jpg,paper,../data/raw\paper\paper130.jpg,13.81,False,JPEG,RGB,512.0,384.0,3.0,43.35
paper131.jpg,paper,../data/raw\paper\paper131.jpg,18.38,False,JPEG,RGB,512.0,384.0,3.0,56.86
paper132.jpg,paper,../data/raw\paper\paper132.jpg,8.28,False,JPEG,RGB,512.0,384.0,3.0,32.69
paper133.jpg,paper,../data/raw\paper\paper133.jpg,19.69,False,JPEG,RGB,512.0,384.0,3.0,68.65
paper134.jpg,paper,../data/raw\paper\paper134.jpg,12.54,False,JPEG,RGB,512.0,384.0,3.0,36.62
paper135.jpg,paper,../data/raw\paper\paper135.jpg,40.53,False,JPEG,RGB,512.0,384.0,3.0,56.24
paper136.jpg,paper,../data/raw\paper\paper136.jpg,30.94,False,JPEG,RGB,512.0,384.0,3.0,67.95
paper137.jpg,paper,../data/raw\paper\paper137.jpg,16.8,False,JPEG,RGB,512.0,384.0,3.0,27.17
paper138.jpg,paper,../data/raw\paper\paper138.jpg,15.13,False,JPEG,RGB,512.0,384.0,3.0,23.87
paper139.jpg,paper,../data/raw\paper\paper139.jpg,23.59,False,JPEG,RGB,512.0,384.0,3.0,72.3
paper14.jpg,paper,../data/raw\paper\paper14.jpg,33.85,False,JPEG,RGB,512.0,384.0,3.0,57.31
paper140.jpg,paper,../data/raw\paper\paper140.jpg,31.55,False,JPEG,RGB,512.0,384.0,3.0,56.31
paper141.jpg,paper,../data/raw\paper\paper141.jpg,17.39,False,JPEG,RGB,512.0,384.0,3.0,51.48
paper142.jpg,paper,../data/raw\paper\paper142.jpg,10.92,False,JPEG,RGB,512.0,384.0,3.0,48.94
paper143.jpg,paper,../data/raw\paper\paper143.jpg,11.44,False,JPEG,RGB,512.0,384.0,3.0,27.54
paper144.jpg,paper,../data/raw\paper\paper144.jpg,16.64,False,JPEG,RGB,512.0,384.0,3.0,47.08
paper145.jpg,paper,../data/raw\paper\paper145.jpg,15.05,False,JPEG,RGB,512.0,384.0,3.0,34.71
paper146.jpg,paper,../data/raw\paper\paper146.jpg,11.11,False,JPEG,RGB,512.0,384.0,3.0,37.4
paper147.jpg,paper,../data/raw\paper\paper147.jpg,30.96,False,JPEG,RGB,512.0,384.0,3.0,68.4
paper148.jpg,paper,../data/raw\paper\paper148.jpg,28.19,False,JPEG,RGB,512.0,384.0,3.0,59.95
paper149.jpg,paper,../data/raw\paper\paper149.jpg,13.28,False,JPEG,RGB,512.0,384.0,3.0,33.26
paper15.jpg,paper,../data/raw\paper\paper15.jpg,29.07,False,JPEG,RGB,512.0,384.0,3.0,58.15
paper150.jpg,paper,../data/raw\paper\paper150.jpg,11.28,False,JPEG,RGB,512.0,384.0,3.0,35.45
paper151.jpg,paper,../data/raw\paper\paper151.jpg,14.82,False,JPEG,RGB,512.0,384.0,3.0,41.45
paper152.jpg,paper,../data/raw\paper\paper152.jpg,30.32,False,JPEG,RGB,512.0,384.0,3.0,60.03
paper153.jpg,paper,../data/raw\paper\paper153.jpg,29.4,False,JPEG,RGB,512.0,384.0,3.0,54.42
paper154.jpg,paper,../data/raw\paper\paper154.jpg,9.23,False,JPEG,RGB,512.0,384.0,3.0,27.15
paper155.jpg,paper,../data/raw\paper\paper155.jpg,27.64,False,JPEG,RGB,512.0,384.0,3.0,64.51
paper156.jpg,paper,../data/raw\paper\paper156.jpg,13.41,False,JPEG,RGB,512.0,384.0,3.0,29.36
paper157.jpg,paper,../data/raw\paper\paper157.jpg,13.81,False,JPEG,RGB,512.0,384.0,3.0,27.39
paper158.jpg,paper,../data/raw\paper\paper158.jpg,6.8,False,JPEG,RGB,512.0,384.0,3.0,30.73
paper159.jpg,paper,../data/raw\paper\paper159.jpg,14.37,False,JPEG,RGB,512.0,384.0,3.0,45.24
paper16.jpg,paper,../data/raw\paper\paper16.jpg,20.29,False,JPEG,RGB,512.0,384.0,3.0,58.49
paper160.jpg,paper,../data/raw\paper\paper160.jpg,13.3,False,JPEG,RGB,512.0,384.0,3.0,24.59
paper161.jpg,paper,../data/raw\paper\paper161.jpg,28.5,False,JPEG,RGB,512.0,384.0,3.0,58.4
paper162.jpg,paper,../data/raw\paper\paper162.jpg,23.43,False,JPEG,RGB,512.0,384.0,3.0,63.35
paper163.jpg,paper,../data/raw\paper\paper163.jpg,42.2,False,JPEG,RGB,512.0,384.0,3.0,64.77
paper164.jpg,paper,../data/raw\paper\paper164.jpg,11.85,False,JPEG,RGB,512.0,384.0,3.0,37.42
paper165.jpg,paper,../data/raw\paper\paper165.jpg,28.16,False,JPEG,RGB,512.0,384.0,3.0,69.75
paper166.jpg,paper,../data/raw\paper\paper166.jpg,23.41,False,JPEG,RGB,512.0,384.0,3.0,64.55
paper167.jpg,paper,../data/raw\paper\paper167.jpg,17.79,False,JPEG,RGB,512.0,384.0,3.0,65.06
paper168.jpg,paper,../data/raw\paper\paper168.jpg,10.77,False,JPEG,RGB,512.0,384.0,3.0,50.93
paper169.jpg,paper,../data/raw\paper\paper169.jpg,12.87,False,JPEG,RGB,512.0,384.0,3.0,28.93
paper17.jpg,paper,../data/raw\paper\paper17.jpg,27.76,False,JPEG,RGB,512.0,384.0,3.0,61.32
paper170.jpg,paper,../data/raw\paper\paper170.jpg,11.68,False,JPEG,RGB,512.0,384.0,3.0,29.27
paper171.jpg,paper,../data/raw\paper\paper171.jpg,8.45,False,JPEG,RGB,512.0,384.0,3.0,38.1
paper172.jpg,paper,../data/raw\paper\paper172.jpg,11.63,False,JPEG,RGB,512.0,384.0,3.0,64.92
paper173.jpg,paper,../data/raw\paper\paper173.jpg,12.37,False,JPEG,RGB,512.0,384.0,3.0,46.85
paper174.jpg,paper,../data/raw\paper\paper174.jpg,44.31,False,JPEG,RGB,512.0,384.0,3.0,70.51
paper175.jpg,paper,../data/raw\paper\paper175.jpg,14.41,False,JPEG,RGB,512.0,384.0,3.0,29.35
paper176.jpg,paper,../data/raw\paper\paper176.jpg,19.06,False,JPEG,RGB,512.0,384.0,3.0,77.99
paper177.jpg,paper,../data/raw\paper\paper177.jpg,12.57,False,JPEG,RGB,512.0,384.0,3.0,29.88
paper178.jpg,paper,../data/raw\paper\paper178.jpg,18.32,False,JPEG,RGB,512.0,384.0,3.0,25.3
paper179.jpg,paper,../data/raw\paper\paper179.jpg,12.71,False,JPEG,RGB,512.0,384.0,3.0,38.9
paper18.jpg,paper,../data/raw\paper\paper18.jpg,24.69,False,JPEG,RGB,512.0,384.0,3.0,69.73
paper180.jpg,paper,../data/raw\paper\paper180.jpg,14.27,False,JPEG,RGB,512.0,384.0,3.0,59.62
paper181.jpg,paper,../data/raw\paper\paper181.jpg,16.09,False,JPEG,RGB,512.0,384.0,3.0,27.91
paper182.jpg,paper,../data/raw\paper\paper182.jpg,48.11,False,JPEG,RGB,512.0,384.0,3.0,58.49
paper183.jpg,paper,../data/raw\paper\paper183.jpg,26.36,False,JPEG,RGB,512.0,384.0,3.0,51.64
paper184.jpg,paper,../data/raw\paper\paper184.jpg,30.23,False,JPEG,RGB,512.0,384.0,3.0,60.47
paper185.jpg,paper,../data/raw\paper\paper185.jpg,18.96,False,JPEG,RGB,512.0,384.0,3.0,62.5
paper186.jpg,paper,../data/raw\paper\paper186.jpg,17.67,False,JPEG,RGB,512.0,384.0,3.0,55.85
paper187.jpg,paper,../data/raw\paper\paper187.jpg,12.25,False,JPEG,RGB,512.0,384.0,3.0,19.25
paper188.jpg,paper,../data/raw\paper\paper188.jpg,37.6,False,JPEG,RGB,512.0,384.0,3.0,69.15
paper189.jpg,paper,../data/raw\paper\paper189.jpg,38.32,False,JPEG,RGB,512.0,384.0,3.0,55.4
paper19.jpg,paper,../data/raw\paper\paper19.jpg,14.12,False,JPEG,RGB,512.0,384.0,3.0,39.03
paper190.jpg,paper,../data/raw\paper\paper190.jpg,25.8,False,JPEG,RGB,512.0,384.0,3.0,64.07
paper191.jpg,paper,../data/raw\paper\paper191.jpg,13.41,False,JPEG,RGB,512.0,384.0,3.0,24.31
paper192.jpg,paper,../data/raw\paper\paper192.jpg,42.89,False,JPEG,RGB,512.0,384.0,3.0,64.86
paper193.jpg,paper,../data/raw\paper\paper193.jpg,23.78,False,JPEG,RGB,512.0,384.0,3.0,72.89
paper194.jpg,paper,../data/raw\paper\paper194.jpg,32.26,False,JPEG,RGB,512.0,384.0,3.0,57.99
paper195.jpg,paper,../data/raw\paper\paper195.jpg,20.86,False,JPEG,RGB,512.0,384.0,3.0,64.32
paper196.jpg,paper,../data/raw\paper\paper196.jpg,38.89,False,JPEG,RGB,512.0,384.0,3.0,52.38
paper197.jpg,paper,../data/raw\paper\paper197.jpg,22.61,False,JPEG,RGB,512.0,384.0,3.0,61.29
paper198.jpg,paper,../data/raw\paper\paper198.jpg,34.37,False,JPEG,RGB,512.0,384.0,3.0,62.3
paper199.jpg,paper,../data/raw\paper\paper199.jpg,19.47,False,JPEG,RGB,512.0,384.0,3.0,72.92
paper2.jpg,paper,../data/raw\paper\paper2.jpg,26.71,False,JPEG,RGB,512.0,384.0,3.0,44.31
paper20.jpg,paper,../data/raw\paper\paper20.jpg,39.19,False,JPEG,RGB,512.0,384.0,3.0,68.91
paper200.jpg,paper,../data/raw\paper\paper200.jpg,9.89,False,JPEG,RGB,512.0,384.0,3.0,35.39
paper201.jpg,paper,../data/raw\paper\paper201.jpg,9.82,False,JPEG,RGB,512.0,384.0,3.0,47.69
paper202.jpg,paper,../data/raw\paper\paper202.jpg,12.85,False,JPEG,RGB,512.0,384.0,3.0,45.15
paper203.jpg,paper,../data/raw\paper\paper203.jpg,9.27,False,JPEG,RGB,512.0,384.0,3.0,31.14
paper204.jpg,paper,../data/raw\paper\paper204.jpg,20.97,False,JPEG,RGB,512.0,384.0,3.0,35.1
paper205.jpg,paper,../data/raw\paper\paper205.jpg,22.98,False,JPEG,RGB,512.0,384.0,3.0,59.28
paper206.jpg,paper,../data/raw\paper\paper206.jpg,32.99,False,JPEG,RGB,512.0,384.0,3.0,53.17
paper207.jpg,paper,../data/raw\paper\paper207.jpg,27.6,False,JPEG,RGB,512.0,384.0,3.0,63.68
paper208.jpg,paper,../data/raw\paper\paper208.jpg,28.81,False,JPEG,RGB,512.0,384.0,3.0,58.15
paper209.jpg,paper,../data/raw\paper\paper209.jpg,41.29,False,JPEG,RGB,512.0,384.0,3.0,68.43
paper21.jpg,paper,../data/raw\paper\paper21.jpg,15.08,False,JPEG,RGB,512.0,384.0,3.0,40.95
paper210.jpg,paper,../data/raw\paper\paper210.jpg,22.47,False,JPEG,RGB,512.0,384.0,3.0,47.63
paper211.jpg,paper,../data/raw\paper\paper211.jpg,16.9,False,JPEG,RGB,512.0,384.0,3.0,29.63
paper212.jpg,paper,../data/raw\paper\paper212.jpg,11.68,False,JPEG,RGB,512.0,384.0,3.0,28.93
paper213.jpg,paper,../data/raw\paper\paper213.jpg,7.12,True,,,,,,
paper214.jpg,paper,../data/raw\paper\paper214.jpg,47.69,False,JPEG,RGB,512.0,384.0,3.0,63.68
paper215.jpg,paper,../data/raw\paper\paper215.jpg,31.98,False,JPEG,RGB,512.0,384.0,3.0,56.8
paper216.jpg,paper,../data/raw\paper\paper216.jpg,13.45,False,JPEG,RGB,512.0,384.0,3.0,47.13
paper217.jpg,paper,../data/raw\paper\paper217.jpg,38.35,False,JPEG,RGB,512.0,384.0,3.0,55.77
paper218.jpg,paper,../data/raw\paper\paper218.jpg,16.32,False,JPEG,RGB,512.0,384.0,3.0,64.05
paper219.jpg,paper,../data/raw\paper\paper219.jpg,12.03,False,JPEG,RGB,512.0,384.0,3.0,21.87
paper22.jpg,paper,../data/raw\paper\paper22.jpg,13.24,False,JPEG,RGB,512.0,384.0,3.0,30.82
paper220.jpg,paper,../data/raw\paper\paper220.jpg,16.91,False,JPEG,RGB,512.0,384.0,3.0,32.06
paper221.jpg,paper,../data/raw\paper\paper221.jpg,18.42,False,JPEG,RGB,512.0,384.0,3.0,68.91
paper221kl.jpg,paper,../data/raw\paper\paper221kl.jpg,18.42,False,JPEG,RGB,512.0,384.0,3.0,68.91
paper222.jpg,paper,../data/raw\paper\paper222.jpg,10.55,False,JPEG,RGB,512.0,384.0,3.0,25.4
paper223.jpg,paper,../data/raw\paper\paper223.jpg,25.74,False,JPEG,RGB,512.0,384.0,3.0,58.84
paper224.jpg,paper,../data/raw\paper\paper224.jpg,29.11,False,JPEG,RGB,512.0,384.0,3.0,66.78
paper225.jpg,paper,../data/raw\paper\paper225.jpg,15.85,False,JPEG,RGB,512.0,384.0,3.0,44.11
paper226.jpg,paper,../data/raw\paper\paper226.jpg,8.45,False,JPEG,RGB,512.0,384.0,3.0,35.15
paper227.jpg,paper,../data/raw\paper\paper227.jpg,41.56,False,JPEG,RGB,512.0,384.0,3.0,57.24
paper228.jpg,paper,../data/raw\paper\paper228.jpg,7.99,False,JPEG,RGB,512.0,384.0,3.0,27.28
paper229.jpg,paper,../data/raw\paper\paper229.jpg,22.35,False,JPEG,RGB,512.0,384.0,3.0,45.47
paper23.jpg,paper,../data/raw\paper\paper23.jpg,31.71,False,JPEG,RGB,512.0,384.0,3.0,75.17
paper230.jpg,paper,../data/raw\paper\paper230.jpg,14.53,False,JPEG,RGB,512.0,384.0,3.0,41.48
paper231.jpg,paper,../data/raw\paper\paper231.jpg,32.21,False,JPEG,RGB,512.0,384.0,3.0,57.7
paper232.jpg,paper,../data/raw\paper\paper232.jpg,13.24,False,JPEG,RGB,512.0,384.0,3.0,23.18
paper233.jpg,paper,../data/raw\paper\paper233.jpg,25.75,False,JPEG,RGB,512.0,384.0,3.0,59.16
paper234.jpg,paper,../data/raw\paper\paper234.jpg,19.74,False,JPEG,RGB,512.0,384.0,3.0,52.63
paper235.jpg,paper,../data/raw\paper\paper235.jpg,15.85,False,JPEG,RGB,512.0,384.0,3.0,54.22
paper236.jpg,paper,../data/raw\paper\paper236.jpg,34.75,False,JPEG,RGB,512.0,384.0,3.0,64.21
paper237.jpg,paper,../data/raw\paper\paper237.jpg,15.68,False,JPEG,RGB,512.0,384.0,3.0,90.66
paper238.jpg,paper,../data/raw\paper\paper238.jpg,13.38,False,JPEG,RGB,512.0,384.0,3.0,42.62
paper239.jpg,paper,../data/raw\paper\paper239.jpg,11.75,False,JPEG,RGB,512.0,384.0,3.0,35.49
paper24.jpg,paper,../data/raw\paper\paper24.jpg,32.81,False,JPEG,RGB,512.0,384.0,3.0,58.77
paper240.jpg,paper,../data/raw\paper\paper240.jpg,12.14,False,JPEG,RGB,512.0,384.0,3.0,19.17
paper241.jpg,paper,../data/raw\paper\paper241.jpg,11.61,False,JPEG,RGB,512.0,384.0,3.0,28.78
paper242.jpg,paper,../data/raw\paper\paper242.jpg,11.75,False,JPEG,RGB,512.0,384.0,3.0,26.38
paper243.jpg,paper,../data/raw\paper\paper243.jpg,9.28,False,JPEG,RGB,512.0,384.0,3.0,31.99
paper244.jpg,paper,../data/raw\paper\paper244.jpg,21.85,False,JPEG,RGB,512.0,384.0,3.0,35.96
paper245.jpg,paper,../data/raw\paper\paper245.jpg,33.08,False,JPEG,RGB,512.0,384.0,3.0,66.21
paper246.jpg,paper,../data/raw\paper\paper246.jpg,21.74,False,JPEG,RGB,512.0,384.0,3.0,59.41
paper247.jpg,paper,../data/raw\paper\paper247.jpg,42.91,False,JPEG,RGB,512.0,384.0,3.0,66.11
paper248.jpg,paper,../data/raw\paper\paper248.jpg,32.87,False,JPEG,RGB,512.0,384.0,3.0,66.75
paper249.jpg,paper,../data/raw\paper\paper249.jpg,14.52,False,JPEG,RGB,512.0,384.0,3.0,31.45
paper25.jpg,paper,../data/raw\paper\paper25.jpg,20.41,False,JPEG,RGB,512.0,384.0,3.0,60.74
paper250.jpg,paper,../data/raw\paper\paper250.jpg,23.91,False,JPEG,RGB,512.0,384.0,3.0,63.5
paper26.jpg,paper,../data/raw\paper\paper26.jpg,38.06,False,JPEG,RGB,512.0,384.0,3.0,61.16
paper27.jpg,paper,../data/raw\paper\paper27.jpg,11.79,False,JPEG,RGB,512.0,384.0,3.0,24.97
paper28.jpg,paper,../data/raw\paper\paper28.jpg,35.72,False,JPEG,RGB,512.0,384.0,3.0,57.17
paper29.jpg,paper,../data/raw\paper\paper29.jpg,15.67,False,JPEG,RGB,512.0,384.0,3.0,76.01
paper3.jpg,paper,../data/raw\paper\paper3.jpg,19.52,False,JPEG,RGB,512.0,384.0,3.0,41.78
paper30.jpg,paper,../data/raw\paper\paper30.jpg,8.84,False,JPEG,RGB,512.0,384.0,3.0,37.07
paper31.jpg,paper,../data/raw\paper\paper31.jpg,25.52,False,JPEG,RGB,512.0,384.0,3.0,46.09
paper32.jpg,paper,../data/raw\paper\paper32.jpg,10.99,False,JPEG,RGB,512.0,384.0,3.0,41.26
paper33.jpg,paper,../data/raw\paper\paper33.jpg,10.32,False,JPEG,RGB,512.0,384.0,3.0,37.06
paper34.jpg,paper,../data/raw\paper\paper34.jpg,42.76,False,JPEG,RGB,512.0,384.0,3.0,56.38
paper35.jpg,paper,../data/raw\paper\paper35.jpg,35.93,False,JPEG,RGB,512.0,384.0,3.0,63.43
paper36.jpg,paper,../data/raw\paper\paper36.jpg,12.25,False,JPEG,RGB,512.0,384.0,3.0,37.58
paper37.jpg,paper,../data/raw\paper\paper37.jpg,28.36,False,JPEG,RGB,512.0,384.0,3.0,67.91
paper38.jpg,paper,../data/raw\paper\paper38.jpg,16.35,False,JPEG,RGB,512.0,384.0,3.0,44.24
paper39.jpg,paper,../data/raw\paper\paper39.jpg,11.99,False,JPEG,RGB,512.0,384.0,3.0,54.2
paper4.jpg,paper,../data/raw\paper\paper4.jpg,32.97,False,JPEG,RGB,512.0,384.0,3.0,59.83
paper40.jpg,paper,../data/raw\paper\paper40.jpg,31.98,False,JPEG,RGB,512.0,384.0,3.0,52.54
paper41.jpg,paper,../data/raw\paper\paper41.jpg,56.51,False,JPEG,RGB,512.0,384.0,3.0,53.4
paper42.jpg,paper,../data/raw\paper\paper42.jpg,44.16,False,JPEG,RGB,512.0,384.0,3.0,72.41
paper43.jpg,paper,../data/raw\paper\paper43.jpg,19.42,False,JPEG,RGB,512.0,384.0,3.0,41.75
paper44.jpg,paper,../data/raw\paper\paper44.jpg,21.04,False,JPEG,RGB,512.0,384.0,3.0,48.5
paper45.jpg,paper,../data/raw\paper\paper45.jpg,13.13,False,JPEG,RGB,512.0,384.0,3.0,33.59
paper46.jpg,paper,../data/raw\paper\paper46.jpg,26.98,False,JPEG,RGB,512.0,384.0,3.0,53.33
paper47.jpg,paper,../data/raw\paper\paper47.jpg,45.01,False,JPEG,RGB,512.0,384.0,3.0,63.39
paper48.jpg,paper,../data/raw\paper\paper48.jpg,26.54,False,JPEG,RGB,512.0,384.0,3.0,53.8
paper49.jpg,paper,../data/raw\paper\paper49.jpg,33.78,False,JPEG,RGB,512.0,384.0,3.0,60.71
paper5.jpg,paper,../data/raw\paper\paper5.jpg,27.28,False,JPEG,RGB,512.0,384.0,3.0,62.51
paper50.jpg,paper,../data/raw\paper\paper50.jpg,19.77,False,JPEG,RGB,512.0,384.0,3.0,35.17
paper51.jpg,paper,../data/raw\paper\paper51.jpg,17.62,False,JPEG,RGB,512.0,384.0,3.0,57.02
paper52.jpg,paper,../data/raw\paper\paper52.jpg,10.63,False,JPEG,RGB,512.0,384.0,3.0,35.06
paper53.jpg,paper,../data/raw\paper\paper53.jpg,21.59,False,JPEG,RGB,512.0,384.0,3.0,53.41
paper54.jpg,paper,../data/raw\paper\paper54.jpg,1.05,False,JPEG,RGB,40.0,40.0,3.0,31.58
paper55.jpg,paper,../data/raw\paper\paper55.jpg,22.06,False,JPEG,RGB,512.0,384.0,3.0,64.8
paper56.jpg,paper,../data/raw\paper\paper56.jpg,24.44,False,JPEG,RGB,512.0,384.0,3.0,60.98
paper57.jpg,paper,../data/raw\paper\paper57.jpg,14.51,False,JPEG,RGB,512.0,384.0,3.0,19.57
paper58.jpg,paper,../data/raw\paper\paper58.jpg,11.46,False,JPEG,RGB,512.0,384.0,3.0,30.42
paper59.jpg,paper,../data/raw\paper\paper59.jpg,13.89,False,JPEG,RGB,512.0,384.0,3.0,18.67
paper6.jpg,paper,../data/raw\paper\paper6.jpg,23.04,False,JPEG,RGB,512.0,384.0,3.0,28.46
paper60.jpg,paper,../data/raw\paper\paper60.jpg,11.75,False,JPEG,RGB,512.0,384.0,3.0,25.73
paper61.jpg,paper,../data/raw\paper\paper61.jpg,25.63,False,JPEG,RGB,512.0,384.0,3.0,70.94
paper62.jpg,paper,../data/raw\paper\paper62.jpg,12.46,False,JPEG,RGB,512.0,384.0,3.0,22.33
paper63.jpg,paper,../data/raw\paper\paper63.jpg,11.4,False,JPEG,RGB,512.0,384.0,3.0,33.48
paper64.jpg,paper,../data/raw\paper\paper64.jpg,1.45,False,JPEG,RGB,48.0,32.0,3.0,47.9
paper65.jpg,paper,../data/raw\paper\paper65.jpg,24.19,False,JPEG,RGB,512.0,384.0,3.0,60.74
paper66.jpg,paper,../data/raw\paper\paper66.jpg,14.68,False,JPEG,RGB,512.0,384.0,3.0,26.7
paper67.jpg,paper,../data/raw\paper\paper67.jpg,8.67,False,JPEG,RGB,512.0,384.0,3.0,37.79
paper68.jpg,paper,../data/raw\paper\paper68.jpg,31.42,False,JPEG,RGB,512.0,384.0,3.0,52.02
paper69.jpg,paper,../data/raw\paper\paper69.jpg,32.03,False,JPEG,RGB,512.0,384.0,3.0,65.65
paper7.jpg,paper,../data/raw\paper\paper7.jpg,17.76,False,JPEG,RGB,512.0,384.0,3.0,64.98
paper70.jpg,paper,../data/raw\paper\paper70.jpg,14.58,False,JPEG,RGB,512.0,384.0,3.0,36.09
paper71.jpg,paper,../data/raw\paper\paper71.jpg,8.74,False,JPEG,RGB,512.0,384.0,3.0,32.71
paper72.jpg,paper,../data/raw\paper\paper72.jpg,27.42,False,JPEG,RGB,512.0,384.0,3.0,60.23
paper74.jpg,paper,../data/raw\paper\paper74.jpg,33.85,False,JPEG,RGB,512.0,384.0,3.0,63.74
paper75.jpg,paper,../data/raw\paper\paper75.jpg,8.69,False,JPEG,RGB,512.0,384.0,3.0,45.45
paper76.jpg,paper,../data/raw\paper\paper76.jpg,34.28,False,JPEG,RGB,512.0,384.0,3.0,59.31
paper77.jpg,paper,../data/raw\paper\paper77.jpg,19.43,False,JPEG,RGB,512.0,384.0,3.0,74.51
paper77ty.jpg,paper,../data/raw\paper\paper77ty.jpg,19.43,False,JPEG,RGB,512.0,384.0,3.0,74.51
paper78.jpg,paper,../data/raw\paper\paper78.jpg,13.44,False,JPEG,RGB,512.0,384.0,3.0,27.07
paper79.jpg,paper,../data/raw\paper\paper79.jpg,25.4,False,JPEG,RGB,512.0,384.0,3.0,52.42
paper8.jpg,paper,../data/raw\paper\paper8.jpg,18.07,False,JPEG,RGB,512.0,384.0,3.0,49.35
paper80.jpg,paper,../data/raw\paper\paper80.jpg,14.45,False,JPEG,RGB,512.0,384.0,3.0,37.28
paper81.jpg,paper,../data/raw\paper\paper81.jpg,31.7,False,JPEG,RGB,512.0,384.0,3.0,72.01
paper82.jpg,paper,../data/raw\paper\paper82.jpg,53.11,False,JPEG,RGB,512.0,384.0,3.0,72.08
paper83.jpg,paper,../data/raw\paper\paper83.jpg,39.14,False,JPEG,RGB,512.0,384.0,3.0,62.76
paper84.jpg,paper,../data/raw\paper\paper84.jpg,28.49,False,JPEG,RGB,512.0,384.0,3.0,53.78
paper85.jpg,paper,../data/raw\paper\paper85.jpg,15.19,False,JPEG,RGB,512.0,384.0,3.0,48.96
paper86.jpg,paper,../data/raw\paper\paper86.jpg,35.85,False,JPEG,RGB,512.0,384.0,3.0,64.17
paper87.jpg,paper,../data/raw\paper\paper87.jpg,9.83,False,JPEG,RGB,512.0,384.0,3.0,31.41
paper88.jpg,paper,../data/raw\paper\paper88.jpg,27.18,False,JPEG,RGB,512.0,384.0,3.0,58.8
paper89.jpg,paper,../data/raw\paper\paper89.jpg,26.44,False,JPEG,RGB,512.0,384.0,3.0,61.08
paper9.jpg,paper,../data/raw\paper\paper9.jpg,20.28,False,JPEG,RGB,512.0,384.0,3.0,60.0
paper90.jpg,paper,../data/raw\paper\paper90.jpg,34.58,False,JPEG,RGB,512.0,384.0,3.0,50.91
paper91.jpg,paper,../data/raw\paper\paper91.jpg,11.06,False,JPEG,RGB,512.0,384.0,3.0,27.86
paper92.jpg,paper,../data/raw\paper\paper92.jpg,33.56,False,JPEG,RGB,512.0,384.0,3.0,49.19
paper93.jpg,paper,../data/raw\paper\paper93.jpg,22.29,False,JPEG,RGB,512.0,384.0,3.0,59.56
paper94.jpg,paper,../data/raw\paper\paper94.jpg,12.58,False,JPEG,RGB,512.0,384.0,3.0,51.04
paper95.jpg,paper,../data/raw\paper\paper95.jpg,9.19,False,JPEG,RGB,512.0,384.0,3.0,24.31
paper96.jpg,paper,../data/raw\paper\paper96.jpg,10.67,False,JPEG,RGB,512.0,384.0,3.0,21.81
paper97.jpg,paper,../data/raw\paper\paper97.jpg,21.12,False,JPEG,RGB,512.0,384.0,3.0,82.76
paper98.jpg,paper,../data/raw\paper\paper98.jpg,10.92,False,JPEG,RGB,512.0,384.0,3.0,35.53
paper99.jpg,paper,../data/raw\paper\paper99.jpg,28.92,False,JPEG,RGB,512.0,384.0,3.0,60.67
paperer35.jpg,paper,../data/raw\paper\paperer35.jpg,35.93,False,JPEG,RGB,512.0,384.0,3.0,63.43
plastic1.jpg,plastic,../data/raw\plastic\plastic1.jpg,9.49,False,JPEG,RGB,512.0,384.0,3.0,53.09
plastic10.jpg,plastic,../data/raw\plastic\plastic10.jpg,7.55,False,JPEG,RGB,512.0,384.0,3.0,21.06
plastic100.jpg,plastic,../data/raw\plastic\plastic100.jpg,11.83,False,JPEG,RGB,512.0,384.0,3.0,43.57
plastic101.jpg,plastic,../data/raw\plastic\plastic101.jpg,15.81,False,JPEG,RGB,512.0,384.0,3.0,36.4
plastic102.jpg,plastic,../data/raw\plastic\plastic102.jpg,8.0,False,JPEG,RGB,512.0,384.0,3.0,33.82
plastic103.jpg,plastic,../data/raw\plastic\plastic103.jpg,21.85,False,JPEG,RGB,512.0,384.0,3.0,41.15
plastic104.jpg,plastic,../data/raw\plastic\plastic104.jpg,12.31,False,JPEG,RGB,512.0,384.0,3.0,43.2
plastic106.jpg,plastic,../data/raw\plastic\plastic106.jpg,16.92,False,JPEG,RGB,512.0,384.0,3.0,45.78
plastic107.jpg,plastic,../data/raw\plastic\plastic107.jpg,11.15,False,JPEG,RGB,512.0,384.0,3.0,24.29
plastic108.jpg,plastic,../data/raw\plastic\plastic108.jpg,19.42,False,JPEG,RGB,512.0,384.0,3.0,37.44
plastic109.jpg,plastic,../data/raw\plastic\plastic109.jpg,21.1,False,JPEG,RGB,512.0,384.0,3.0,38.04
plastic11.jpg,plastic,../data/raw\plastic\plastic11.jpg,7.57,False,JPEG,RGB,512.0,384.0,3.0,21.94
plastic110.jpg,plastic,../data/raw\plastic\plastic110.jpg,18.22,False,JPEG,RGB,512.0,384.0,3.0,42.57
plastic111.jpg,plastic,../data/raw\plastic\plastic111.jpg,9.6,False,JPEG,RGB,512.0,384.0,3.0,42.51
plastic112.jpg,plastic,../data/raw\plastic\plastic112.jpg,20.48,False,JPEG,RGB,512.0,384.0,3.0,43.72
plastic113.jpg,plastic,../data/raw\plastic\plastic113.jpg,16.54,False,JPEG,RGB,512.0,384.0,3.0,48.53
plastic114.jpg,plastic,../data/raw\plastic\plastic114.jpg,10.9,False,JPEG,RGB,512.0,384.0,3.0,50.96
plastic115.jpg,plastic,../data/raw\plastic\plastic115.jpg,18.18,False,JPEG,RGB,512.0,384.0,3.0,38.34
plastic116.jpg,plastic,../data/raw\plastic\plastic116.jpg,23.64,False,JPEG,RGB,512.0,384.0,3.0,56.09
plastic117.jpg,plastic,../data/raw\plastic\plastic117.jpg,12.98,False,JPEG,RGB,512.0,384.0,3.0,49.28
plastic118.jpg,plastic,../data/raw\plastic\plastic118.jpg,7.61,False,JPEG,RGB,512.0,384.0,3.0,51.19
plastic119.jpg,plastic,../data/raw\plastic\plastic119.jpg,19.66,False,JPEG,RGB,512.0,384.0,3.0,45.71
plastic12.jpg,plastic,../data/raw\plastic\plastic12.jpg,6.34,False,JPEG,RGB,512.0,384.0,3.0,9.26
plastic120.jpg,plastic,../data/raw\plastic\plastic120.jpg,13.7,False,JPEG,RGB,512.0,384.0,3.0,43.53
plastic121.jpg,plastic,../data/raw\plastic\plastic121.jpg,12.19,False,JPEG,RGB,512.0,384.0,3.0,39.85
plastic122.jpg,plastic,../data/raw\plastic\plastic122.jpg,10.08,False,JPEG,RGB,512.0,384.0,3.0,36.24
plastic123.jpg,plastic,../data/raw\plastic\plastic123.jpg,18.44,False,JPEG,RGB,512.0,384.0,3.0,49.68
plastic124.jpg,plastic,../data/raw\plastic\plastic124.jpg,13.29,False,JPEG,RGB,512.0,384.0,3.0,74.2
plastic125.jpg,plastic,../data/raw\plastic\plastic125.jpg,16.74,False,JPEG,RGB,512.0,384.0,3.0,57.53
plastic126.jpg,plastic,../data/raw\plastic\plastic126.jpg,10.94,False,JPEG,RGB,512.0,384.0,3.0,55.86
plastic127.jpg,plastic,../data/raw\plastic\plastic127.jpg,9.59,False,JPEG,RGB,512.0,384.0,3.0,55.8
plastic128.jpg,plastic,../data/raw\plastic\plastic128.jpg,13.15,False,JPEG,RGB,512.0,384.0,3.0,53.93
plastic129.jpg,plastic,../data/raw\plastic\plastic129.jpg,10.43,False,JPEG,RGB,512.0,384.0,3.0,25.54
plastic13.jpg,plastic,../data/raw\plastic\plastic13.jpg,5.13,True,,,,,,
plastic130.jpg,plastic,../data/raw\plastic\plastic130.jpg,9.87,False,JPEG,RGB,512.0,384.0,3.0,29.96
plastic131.jpg,plastic,../data/raw\plastic\plastic131.jpg,8.22,False,JPEG,RGB,512.0,384.0,3.0,27.92
plastic132.jpg,plastic,../data/raw\plastic\plastic132.jpg,16.76,False,JPEG,RGB,512.0,384.0,3.0,53.77
plastic133.jpg,plastic,../data/raw\plastic\plastic133.jpg,27.13,False,JPEG,RGB,512.0,384.0,3.0,47.94
plastic134.jpg,plastic,../data/raw\plastic\plastic134.jpg,16.41,False,JPEG,RGB,512.0,384.0,3.0,43.03
plastic135.jpg,plastic,../data/raw\plastic\plastic135.jpg,8.89,False,JPEG,RGB,512.0,384.0,3.0,19.53
plastic136.jpg,plastic,../data/raw\plastic\plastic136.jpg,9.09,False,JPEG,RGB,512.0,384.0,3.0,19.41
plastic137.jpg,plastic,../data/raw\plastic\plastic137.jpg,7.5,False,JPEG,RGB,512.0,384.0,3.0,51.15
plastic138.jpg,plastic,../data/raw\plastic\plastic138.jpg,9.04,False,JPEG,RGB,512.0,384.0,3.0,22.45
plastic139.jpg,plastic,../data/raw\plastic\plastic139.jpg,18.44,False,JPEG,RGB,512.0,384.0,3.0,54.18
plastic14.jpg,plastic,../data/raw\plastic\plastic14.jpg,14.37,False,JPEG,RGB,512.0,384.0,3.0,45.29
plastic140.jpg,plastic,../data/raw\plastic\plastic140.jpg,10.47,False,JPEG,RGB,512.0,384.0,3.0,68.45
plastic140y.jpg,plastic,../data/raw\plastic\plastic140y.jpg,10.47,False,JPEG,RGB,512.0,384.0,3.0,68.45
plastic141.jpg,plastic,../data/raw\plastic\plastic141.jpg,10.04,False,JPEG,RGB,512.0,384.0,3.0,30.19
plastic142.jpg,plastic,../data/raw\plastic\plastic142.jpg,17.26,False,JPEG,RGB,512.0,384.0,3.0,50.82
plastic143.jpg,plastic,../data/raw\plastic\plastic143.jpg,12.44,False,JPEG,RGB,512.0,384.0,3.0,39.76
plastic144.jpg,plastic,../data/raw\plastic\plastic144.jpg,8.94,False,JPEG,RGB,512.0,384.0,3.0,35.12
plastic145.jpg,plastic,../data/raw\plastic\plastic145.jpg,11.83,False,JPEG,RGB,512.0,384.0,3.0,34.66
plastic146.jpg,plastic,../data/raw\plastic\plastic146.jpg,9.32,False,JPEG,RGB,512.0,384.0,3.0,35.14
plastic147.jpg,plastic,../data/raw\plastic\plastic147.jpg,6.08,False,JPEG,RGB,512.0,384.0,3.0,8.41
plastic148.jpg,plastic,../data/raw\plastic\plastic148.jpg,9.74,False,JPEG,RGB,512.0,384.0,3.0,47.66
plastic149.jpg,plastic,../data/raw\plastic\plastic149.jpg,8.7,False,JPEG,RGB,512.0,384.0,3.0,30.04
plastic15.jpg,plastic,../data/raw\plastic\plastic15.jpg,9.93,False,JPEG,RGB,512.0,384.0,3.0,31.61
plastic150.jpg,plastic,../data/raw\plastic\plastic150.jpg,5.85,False,JPEG,RGB,512.0,384.0,3.0,7.49
plastic151.jpg,plastic,../data/raw\plastic\plastic151.jpg,13.25,False,JPEG,RGB,512.0,384.0,3.0,38.56
plastic152.jpg,plastic,../data/raw\plastic\plastic152.jpg,15.81,False,JPEG,RGB,512.0,384.0,3.0,36.25
plastic153.jpg,plastic,../data/raw\plastic\plastic153.jpg,8.41,False,JPEG,RGB,512.0,384.0,3.0,18.3
plastic154.jpg,plastic,../data/raw\plastic\plastic154.jpg,6.5,False,JPEG,RGB,512.0,384.0,3.0,16.87
plastic155.jpg,plastic,../data/raw\plastic\plastic155.jpg,12.05,False,JPEG,RGB,512.0,384.0,3.0,42.18
plastic156.jpg,plastic,../data/raw\plastic\plastic156.jpg,9.93,False,JPEG,RGB,512.0,384.0,3.0,32.52
plastic157.jpg,plastic,../data/raw\plastic\plastic157.jpg,12.77,False,JPEG,RGB,512.0,384.0,3.0,51.43
plastic158.jpg,plastic,../data/raw\plastic\plastic158.jpg,9.47,False,JPEG,RGB,512.0,384.0,3.0,37.5
plastic159.jpg,plastic,../data/raw\plastic\plastic159.jpg,9.63,False,JPEG,RGB,512.0,384.0,3.0,45.74
plastic16.jpg,plastic,../data/raw\plastic\plastic16.jpg,9.49,False,JPEG,RGB,512.0,384.0,3.0,42.86
plastic160.jpg,plastic,../data/raw\plastic\plastic160.jpg,15.19,False,JPEG,RGB,512.0,384.0,3.0,39.6
plastic161.jpg,plastic,../data/raw\plastic\plastic161.jpg,10.08,False,JPEG,RGB,512.0,384.0,3.0,45.62
plastic162.jpg,plastic,../data/raw\plastic\plastic162.jpg,15.94,False,JPEG,RGB,512.0,384.0,3.0,34.91
plastic163.jpg,plastic,../data/raw\plastic\plastic163.jpg,9.6,False,JPEG,RGB,512.0,384.0,3.0,38.39
plastic164.jpg,plastic,../data/raw\plastic\plastic164.jpg,10.07,False,JPEG,RGB,512.0,384.0,3.0,58.05
plastic165.jpg,plastic,../data/raw\plastic\plastic165.jpg,16.06,False,JPEG,RGB,512.0,384.0,3.0,43.72
plastic166.jpg,plastic,../data/raw\plastic\plastic166.jpg,9.58,False,JPEG,RGB,512.0,384.0,3.0,38.31
plastic167.jpg,plastic,../data/raw\plastic\plastic167.jpg,9.46,False,JPEG,RGB,512.0,384.0,3.0,23.66
plastic168.jpg,plastic,../data/raw\plastic\plastic168.jpg,10.5,False,JPEG,RGB,512.0,384.0,3.0,58.15
plastic169.jpg,plastic,../data/raw\plastic\plastic169.jpg,13.39,False,JPEG,RGB,512.0,384.0,3.0,42.64
plastic17.jpg,plastic,../data/raw\plastic\plastic17.jpg,12.85,False,JPEG,RGB,512.0,384.0,3.0,25.69
plastic170.jpg,plastic,../data/raw\plastic\plastic170.jpg,7.61,False,JPEG,RGB,512.0,384.0,3.0,45.76
plastic171.jpg,plastic,../data/raw\plastic\plastic171.jpg,11.84,False,JPEG,RGB,512.0,384.0,3.0,29.9
plastic171az.jpg,plastic,../data/raw\plastic\plastic171az.jpg,11.84,False,JPEG,RGB,512.0,384.0,3.0,29.9
plastic172.jpg,plastic,../data/raw\plastic\plastic172.jpg,9.96,False,JPEG,RGB,512.0,384.0,3.0,29.16
plastic173.jpg,plastic,../data/raw\plastic\plastic173.jpg,10.75,False,JPEG,RGB,512.0,384.0,3.0,27.14
plastic174.jpg,plastic,../data/raw\plastic\plastic174.jpg,8.25,False,JPEG,RGB,512.0,384.0,3.0,26.5
plastic175.jpg,plastic,../data/raw\plastic\plastic175.jpg,16.38,False,JPEG,RGB,512.0,384.0,3.0,43.44
plastic176.jpg,plastic,../data/raw\plastic\plastic176.jpg,6.88,False,JPEG,RGB,512.0,384.0,3.0,20.24
plastic177.jpg,plastic,../data/raw\plastic\plastic177.jpg,7.27,False,JPEG,RGB,512.0,384.0,3.0,21.06
plastic178.jpg,plastic,../data/raw\plastic\plastic178.jpg,7.01,False,JPEG,RGB,512.0,384.0,3.0,20.07
plastic179.jpg,plastic,../data/raw\plastic\plastic179.jpg,7.27,False,JPEG,RGB,512.0,384.0,3.0,20.32
plastic18.jpg,plastic,../data/raw\plastic\plastic18.jpg,15.21,False,JPEG,RGB,512.0,384.0,3.0,28.76
plastic180.jpg,plastic,../data/raw\plastic\plastic180.jpg,7.18,False,JPEG,RGB,512.0,384.0,3.0,20.7
plastic181.jpg,plastic,../data/raw\plastic\plastic181.jpg,8.06,False,JPEG,RGB,512.0,384.0,3.0,21.21
plastic182.jpg,plastic,../data/raw\plastic\plastic182.jpg,7.67,False,JPEG,RGB,512.0,384.0,3.0,20.36
plastic183.jpg,plastic,../data/raw\plastic\plastic183.jpg,10.71,False,JPEG,RGB,512.0,384.0,3.0,29.43
plastic184.jpg,plastic,../data/raw\plastic\plastic184.jpg,12.77,False,JPEG,RGB,512.0,384.0,3.0,33.79
plastic185.jpg,plastic,../data/raw\plastic\plastic185.jpg,10.74,False,JPEG,RGB,512.0,384.0,3.0,32.09
plastic186.jpg,plastic,../data/raw\plastic\plastic186.jpg,31.22,False,JPEG,RGB,512.0,384.0,3.0,44.08
plastic187.jpg,plastic,../data/raw\plastic\plastic187.jpg,11.28,False,JPEG,RGB,512.0,384.0,3.0,32.66
plastic188.jpg,plastic,../data/raw\plastic\plastic188.jpg,12.65,False,JPEG,RGB,512.0,384.0,3.0,30.7
plastic189.jpg,plastic,../data/raw\plastic\plastic189.jpg,18.09,False,JPEG,RGB,512.0,384.0,3.0,44.57
plastic19.jpg,plastic,../data/raw\plastic\plastic19.jpg,7.84,False,JPEG,RGB,512.0,384.0,3.0,42.43
plastic190.jpg,plastic,../data/raw\plastic\plastic190.jpg,22.52,False,JPEG,RGB,512.0,384.0,3.0,40.5
plastic191.jpg,plastic,../data/raw\plastic\plastic191.jpg,13.67,False,JPEG,RGB,512.0,384.0,3.0,45.55
plastic192.jpg,plastic,../data/raw\plastic\plastic192.jpg,24.09,False,JPEG,RGB,512.0,384.0,3.0,37.2
plastic193.jpg,plastic,../data/raw\plastic\plastic193.jpg,14.53,False,JPEG,RGB,512.0,384.0,3.0,45.34
plastic194.jpg,plastic,../data/raw\plastic\plastic194.jpg,10.78,False,JPEG,RGB,512.0,384.0,3.0,44.92
plastic195.jpg,plastic,../data/raw\plastic\plastic195.jpg,6.94,False,JPEG,RGB,512.0,384.0,3.0,21.02
plastic196.jpg,plastic,../data/raw\plastic\plastic196.jpg,10.56,False,JPEG,RGB,512.0,384.0,3.0,86.01
plastic197.jpg,plastic,../data/raw\plastic\plastic197.jpg,16.3,False,JPEG,RGB,512.0,384.0,3.0,32.49
plastic198.jpg,plastic,../data/raw\plastic\plastic198.jpg,20.46,False,JPEG,RGB,512.0,384.0,3.0,82.72
plastic199.jpg,plastic,../data/raw\plastic\plastic199.jpg,15.24,False,JPEG,RGB,512.0,384.0,3.0,84.21
plastic2.jpg,plastic,../data/raw\plastic\plastic2.jpg,6.07,False,JPEG,RGB,512.0,384.0,3.0,8.59
plastic20.jpg,plastic,../data/raw\plastic\plastic20.jpg,16.96,False,JPEG,RGB,512.0,384.0,3.0,25.13
plastic200.jpg,plastic,../data/raw\plastic\plastic200.jpg,11.99,False,JPEG,RGB,512.0,384.0,3.0,47.79
plastic201.jpg,plastic,../data/raw\plastic\plastic201.jpg,22.83,False,JPEG,RGB,512.0,384.0,3.0,62.28
plastic202.jpg,plastic,../data/raw\plastic\plastic202.jpg,12.63,False,JPEG,RGB,512.0,384.0,3.0,43.76
plastic203.jpg,plastic,../data/raw\plastic\plastic203.jpg,16.42,False,JPEG,RGB,512.0,384.0,3.0,27.23
plastic204.jpg,plastic,../data/raw\plastic\plastic204.jpg,26.11,False,JPEG,RGB,512.0,384.0,3.0,35.77
plastic205.jpg,plastic,../data/raw\plastic\plastic205.jpg,18.88,False,JPEG,RGB,512.0,384.0,3.0,35.07
plastic206.jpg,plastic,../data/raw\plastic\plastic206.jpg,12.34,False,JPEG,RGB,512.0,384.0,3.0,30.05
plastic207.jpg,plastic,../data/raw\plastic\plastic207.jpg,24.91,False,JPEG,RGB,512.0,384.0,3.0,34.4
plastic208.jpg,plastic,../data/raw\plastic\plastic208.jpg,15.65,False,JPEG,RGB,512.0,384.0,3.0,42.51
plastic209.jpg,plastic,../data/raw\plastic\plastic209.jpg,14.55,False,JPEG,RGB,512.0,384.0,3.0,51.38
plastic21.jpg,plastic,../data/raw\plastic\plastic21.jpg,16.77,False,JPEG,RGB,512.0,384.0,3.0,44.62
plastic210.jpg,plastic,../data/raw\plastic\plastic210.jpg,9.94,False,JPEG,RGB,512.0,384.0,3.0,29.35
plastic211.jpg,plastic,../data/raw\plastic\plastic211.jpg,18.67,False,JPEG,RGB,512.0,384.0,3.0,31.77
plastic212.jpg,plastic,../data/raw\plastic\plastic212.jpg,13.38,False,JPEG,RGB,512.0,384.0,3.0,22.81
plastic213.jpg,plastic,../data/raw\plastic\plastic213.jpg,16.27,False,JPEG,RGB,512.0,384.0,3.0,34.52
plastic214.jpg,plastic,../data/raw\plastic\plastic214.jpg,18.09,False,JPEG,RGB,512.0,384.0,3.0,30.44
plastic215.jpg,plastic,../data/raw\plastic\plastic215.jpg,15.13,False,JPEG,RGB,512.0,384.0,3.0,36.63
plastic216.jpg,plastic,../data/raw\plastic\plastic216.jpg,14.02,False,JPEG,RGB,512.0,384.0,3.0,85.44
plastic217.jpg,plastic,../data/raw\plastic\plastic217.jpg,9.84,False,JPEG,RGB,512.0,384.0,3.0,31.53
plastic218.jpg,plastic,../data/raw\plastic\plastic218.jpg,17.51,False,JPEG,RGB,512.0,384.0,3.0,40.24
plastic219.jpg,plastic,../data/raw\plastic\plastic219.jpg,8.12,False,JPEG,RGB,512.0,384.0,3.0,25.33
plastic22.jpg,plastic,../data/raw\plastic\plastic22.jpg,12.76,False,JPEG,RGB,512.0,384.0,3.0,35.45
plastic220.jpg,plastic,../data/raw\plastic\plastic220.jpg,14.78,False,JPEG,RGB,512.0,384.0,3.0,34.7
plastic23.jpg,plastic,../data/raw\plastic\plastic23.jpg,7.91,False,JPEG,RGB,512.0,384.0,3.0,39.63
plastic24.jpg,plastic,../data/raw\plastic\plastic24.jpg,12.0,False,JPEG,RGB,512.0,384.0,3.0,42.81
plastic25.jpg,plastic,../data/raw\plastic\plastic25.jpg,9.81,False,JPEG,RGB,512.0,384.0,3.0,28.81
plastic26.jpg,plastic,../data/raw\plastic\plastic26.jpg,7.19,False,JPEG,RGB,512.0,384.0,3.0,39.47
plastic27.jpg,plastic,../data/raw\plastic\plastic27.jpg,14.05,False,JPEG,RGB,512.0,384.0,3.0,39.96
plastic28.jpg,plastic,../data/raw\plastic\plastic28.jpg,7.83,False,JPEG,RGB,512.0,384.0,3.0,28.89
plastic29.jpg,plastic,../data/raw\plastic\plastic29.jpg,15.42,False,JPEG,RGB,512.0,384.0,3.0,54.83
plastic3.jpg,plastic,../data/raw\plastic\plastic3.jpg,6.19,False,JPEG,RGB,512.0,384.0,3.0,7.98
plastic30.jpg,plastic,../data/raw\plastic\plastic30.jpg,17.67,False,JPEG,RGB,512.0,384.0,3.0,29.33
plastic31.jpg,plastic,../data/raw\plastic\plastic31.jpg,9.31,False,JPEG,RGB,512.0,384.0,3.0,30.35
plastic32.jpg,plastic,../data/raw\plastic\plastic32.jpg,15.28,False,JPEG,RGB,512.0,384.0,3.0,43.9
plastic33.jpg,plastic,../data/raw\plastic\plastic33.jpg,9.46,False,JPEG,RGB,512.0,384.0,3.0,17.69
plastic34.jpg,plastic,../data/raw\plastic\plastic34.jpg,9.12,False,JPEG,RGB,512.0,384.0,3.0,29.69
plastic35.jpg,plastic,../data/raw\plastic\plastic35.jpg,9.6,False,JPEG,RGB,512.0,384.0,3.0,21.92
plastic36.jpg,plastic,../data/raw\plastic\plastic36.jpg,17.47,False,JPEG,RGB,512.0,384.0,3.0,46.7
plastic36rt.jpg,plastic,../data/raw\plastic\plastic36rt.jpg,17.47,False,JPEG,RGB,512.0,384.0,3.0,46.7
plastic37.jpg,plastic,../data/raw\plastic\plastic37.jpg,22.63,False,JPEG,RGB,512.0,384.0,3.0,46.07
plastic38.jpg,plastic,../data/raw\plastic\plastic38.jpg,16.67,False,JPEG,RGB,512.0,384.0,3.0,36.93
plastic39.jpg,plastic,../data/raw\plastic\plastic39.jpg,19.08,False,JPEG,RGB,512.0,384.0,3.0,26.3
plastic4.jpg,plastic,../data/raw\plastic\plastic4.jpg,12.9,False,JPEG,RGB,512.0,384.0,3.0,48.44
plastic40.jpg,plastic,../data/raw\plastic\plastic40.jpg,13.46,False,JPEG,RGB,512.0,384.0,3.0,79.01
plastic41.jpg,plastic,../data/raw\plastic\plastic41.jpg,9.93,False,JPEG,RGB,512.0,384.0,3.0,43.56
plastic42.jpg,plastic,../data/raw\plastic\plastic42.jpg,9.78,False,JPEG,RGB,512.0,384.0,3.0,35.1
plastic43.jpg,plastic,../data/raw\plastic\plastic43.jpg,7.03,False,JPEG,RGB,512.0,384.0,3.0,41.4
plastic44.jpg,plastic,../data/raw\plastic\plastic44.jpg,15.58,False,JPEG,RGB,512.0,384.0,3.0,38.52
plastic45.jpg,plastic,../data/raw\plastic\plastic45.jpg,7.99,False,JPEG,RGB,512.0,384.0,3.0,24.28
plastic46.jpg,plastic,../data/raw\plastic\plastic46.jpg,20.13,False,JPEG,RGB,512.0,384.0,3.0,38.88
plastic47.jpg,plastic,../data/raw\plastic\plastic47.jpg,12.02,False,JPEG,RGB,512.0,384.0,3.0,28.34
plastic48.jpg,plastic,../data/raw\plastic\plastic48.jpg,13.68,False,JPEG,RGB,512.0,384.0,3.0,24.16
plastic49.jpg,plastic,../data/raw\plastic\plastic49.jpg,12.39,False,JPEG,RGB,512.0,384.0,3.0,36.9
plastic5.jpg,plastic,../data/raw\plastic\plastic5.jpg,8.44,False,JPEG,RGB,512.0,384.0,3.0,23.32
plastic50.jpg,plastic,../data/raw\plastic\plastic50.jpg,19.55,False,JPEG,RGB,512.0,384.0,3.0,29.26
plastic51.jpg,plastic,../data/raw\plastic\plastic51.jpg,12.67,False,JPEG,RGB,512.0,384.0,3.0,43.49
plastic52.jpg,plastic,../data/raw\plastic\plastic52.jpg,7.74,False,JPEG,RGB,512.0,384.0,3.0,25.67
plastic53.jpg,plastic,../data/raw\plastic\plastic53.jpg,21.54,False,JPEG,RGB,512.0,384.0,3.0,42.11
plastic54.jpg,plastic,../data/raw\plastic\plastic54.jpg,11.9,False,JPEG,RGB,512.0,384.0,3.0,24.96
plastic55.jpg,plastic,../data/raw\plastic\plastic55.jpg,17.02,False,JPEG,RGB,512.0,384.0,3.0,30.16
plastic56.jpg,plastic,../data/raw\plastic\plastic56.jpg,17.77,False,JPEG,RGB,512.0,384.0,3.0,33.29
plastic57.jpg,plastic,../data/raw\plastic\plastic57.jpg,12.91,False,JPEG,RGB,512.0,384.0,3.0,50.62
plastic58.jpg,plastic,../data/raw\plastic\plastic58.jpg,12.76,False,JPEG,RGB,512.0,384.0,3.0,35.43
plastic59.jpg,plastic,../data/raw\plastic\plastic59.jpg,7.64,False,JPEG,RGB,512.0,384.0,3.0,24.8
plastic6.jpg,plastic,../data/raw\plastic\plastic6.jpg,10.04,False,JPEG,RGB,512.0,384.0,3.0,49.09
plastic60.jpg,plastic,../data/raw\plastic\plastic60.jpg,11.31,False,JPEG,RGB,512.0,384.0,3.0,30.67
plastic61.jpg,plastic,../data/raw\plastic\plastic61.jpg,16.16,False,JPEG,RGB,512.0,384.0,3.0,35.48
plastic62.jpg,plastic,../data/raw\plastic\plastic62.jpg,14.29,False,JPEG,RGB,512.0,384.0,3.0,29.69
plastic63.jpg,plastic,../data/raw\plastic\plastic63.jpg,10.5,False,JPEG,RGB,512.0,384.0,3.0,48.1
plastic64.jpg,plastic,../data/raw\plastic\plastic64.jpg,12.94,False,JPEG,RGB,512.0,384.0,3.0,41.6
plastic65.jpg,plastic,../data/raw\plastic\plastic65.jpg,10.68,False,JPEG,RGB,512.0,384.0,3.0,40.34
plastic66.jpg,plastic,../data/raw\plastic\plastic66.jpg,18.02,False,JPEG,RGB,512.0,384.0,3.0,29.62
plastic67.jpg,plastic,../data/raw\plastic\plastic67.jpg,15.9,False,JPEG,RGB,512.0,384.0,3.0,30.02
plastic68.jpg,plastic,../data/raw\plastic\plastic68.jpg,12.21,False,JPEG,RGB,512.0,384.0,3.0,85.19
plastic69.jpg,plastic,../data/raw\plastic\plastic69.jpg,19.07,False,JPEG,RGB,512.0,384.0,3.0,45.67
plastic7.jpg,plastic,../data/raw\plastic\plastic7.jpg,9.42,False,JPEG,RGB,512.0,384.0,3.0,30.97
plastic70.jpg,plastic,../data/raw\plastic\plastic70.jpg,14.63,False,JPEG,RGB,512.0,384.0,3.0,45.78
plastic71.jpg,plastic,../data/raw\plastic\plastic71.jpg,18.89,False,JPEG,RGB,512.0,384.0,3.0,29.79
plastic72.jpg,plastic,../data/raw\plastic\plastic72.jpg,13.76,False,JPEG,RGB,512.0,384.0,3.0,27.84
plastic73.jpg,plastic,../data/raw\plastic\plastic73.jpg,12.0,False,JPEG,RGB,512.0,384.0,3.0,41.91
plastic74.jpg,plastic,../data/raw\plastic\plastic74.jpg,20.42,False,JPEG,RGB,512.0,384.0,3.0,54.25
plastic75.jpg,plastic,../data/raw\plastic\plastic75.jpg,11.72,False,JPEG,RGB,512.0,384.0,3.0,34.77
plastic76.jpg,plastic,../data/raw\plastic\plastic76.jpg,8.59,False,JPEG,RGB,512.0,384.0,3.0,43.2
plastic77.jpg,plastic,../data/raw\plastic\plastic77.jpg,12.82,False,JPEG,RGB,512.0,384.0,3.0,29.87
plastic78.jpg,plastic,../data/raw\plastic\plastic78.jpg,8.04,False,JPEG,RGB,512.0,384.0,3.0,36.48
plastic79.jpg,plastic,../data/raw\plastic\plastic79.jpg,24.6,False,JPEG,RGB,512.0,384.0,3.0,29.39
plastic8.jpg,plastic,../data/raw\plastic\plastic8.jpg,9.74,False,JPEG,RGB,512.0,384.0,3.0,26.46
plastic80.jpg,plastic,../data/raw\plastic\plastic80.jpg,16.86,False,JPEG,RGB,512.0,384.0,3.0,38.08
plastic81.jpg,plastic,../data/raw\plastic\plastic81.jpg,20.33,False,JPEG,RGB,512.0,384.0,3.0,25.72
plastic82.jpg,plastic,../data/raw\plastic\plastic82.jpg,10.09,False,JPEG,RGB,512.0,384.0,3.0,39.23
plastic83.jpg,plastic,../data/raw\plastic\plastic83.jpg,17.82,False,JPEG,RGB,512.0,384.0,3.0,41.04
plastic84.jpg,plastic,../data/raw\plastic\plastic84.jpg,20.9,False,JPEG,RGB,512.0,384.0,3.0,48.52
plastic85.jpg,plastic,../data/raw\plastic\plastic85.jpg,14.06,False,JPEG,RGB,512.0,384.0,3.0,35.8
plastic86.jpg,plastic,../data/raw\plastic\plastic86.jpg,22.72,False,JPEG,RGB,512.0,384.0,3.0,33.4
plastic87.jpg,plastic,../data/raw\plastic\plastic87.jpg,11.76,False,JPEG,RGB,512.0,384.0,3.0,39.38
plastic88.jpg,plastic,../data/raw\plastic\plastic88.jpg,17.84,False,JPEG,RGB,512.0,384.0,3.0,46.59
plastic89.jpg,plastic,../data/raw\plastic\plastic89.jpg,18.51,False,JPEG,RGB,512.0,384.0,3.0,31.9
plastic9.jpg,plastic,../data/raw\plastic\plastic9.jpg,7.28,False,JPEG,RGB,512.0,384.0,3.0,20.0
plastic90.jpg,plastic,../data/raw\plastic\plastic90.jpg,16.09,False,JPEG,RGB,512.0,384.0,3.0,36.85
plastic91.jpg,plastic,../data/raw\plastic\plastic91.jpg,14.22,False,JPEG,RGB,512.0,384.0,3.0,29.39
plastic92.jpg,plastic,../data/raw\plastic\plastic92.jpg,18.56,False,JPEG,RGB,512.0,384.0,3.0,44.98
plastic93.jpg,plastic,../data/raw\plastic\plastic93.jpg,13.56,False,JPEG,RGB,512.0,384.0,3.0,48.24
plastic94.jpg,plastic,../data/raw\plastic\plastic94.jpg,10.09,False,JPEG,RGB,512.0,384.0,3.0,33.53
plastic95.jpg,plastic,../data/raw\plastic\plastic95.jpg,14.41,False,JPEG,RGB,512.0,384.0,3.0,82.66
plastic96.jpg,plastic,../data/raw\plastic\plastic96.jpg,16.26,False,JPEG,RGB,512.0,384.0,3.0,33.75
plastic97.jpg,plastic,../data/raw\plastic\plastic97.jpg,9.79,False,JPEG,RGB,512.0,384.0,3.0,35.31
plastic98.jpg,plastic,../data/raw\plastic\plastic98.jpg,11.51,False,JPEG,RGB,512.0,384.0,3.0,48.09
plastic99.jpg,plastic,../data/raw\plastic\plastic99.jpg,8.54,False,JPEG,RGB,512.0,384.0,3.0,26.7
plasticx199.jpg,plastic,../data/raw\plastic\plasticx199.jpg,15.24,False,JPEG,RGB,512.0,384.0,3.0,84.21
plasticx199fd.jpg,plastic,../data/raw\plastic\plasticx199fd.jpg,14.42,False,JPEG,RGB,512.0,384.0,3.0,42.96
trash1.jpg,trash,../data/raw\trash\trash1.jpg,16.33,False,JPEG,RGB,512.0,384.0,3.0,56.59
trash10.jpg,trash,../data/raw\trash\trash10.jpg,11.48,False,JPEG,RGB,512.0,384.0,3.0,54.05
trash11.jpg,trash,../data/raw\trash\trash11.jpg,25.25,False,JPEG,RGB,512.0,384.0,3.0,31.66
trash12.jpg,trash,../data/raw\trash\trash12.jpg,12.5,False,JPEG,RGB,512.0,384.0,3.0,45.25
trash13.jpg,trash,../data/raw\trash\trash13.jpg,12.7,False,JPEG,RGB,512.0,384.0,3.0,51.48
trash14.jpg,trash,../data/raw\trash\trash14.jpg,23.4,False,JPEG,RGB,512.0,384.0,3.0,51.42
trash15.jpg,trash,../data/raw\trash\trash15.jpg,12.99,False,JPEG,RGB,512.0,384.0,3.0,54.17
trash16.jpg,trash,../data/raw\trash\trash16.jpg,15.51,False,JPEG,RGB,512.0,384.0,3.0,62.0
trash17.jpg,trash,../data/raw\trash\trash17.jpg,20.63,False,JPEG,RGB,512.0,384.0,3.0,59.47
trash18.jpg,trash,../data/raw\trash\trash18.jpg,20.82,False,JPEG,RGB,512.0,384.0,3.0,37.26
trash19.jpg,trash,../data/raw\trash\trash19.jpg,12.36,False,JPEG,RGB,512.0,384.0,3.0,56.78
trash2.jpg,trash,../data/raw\trash\trash2.jpg,10.34,False,JPEG,RGB,512.0,384.0,3.0,43.1
trash20.jpg,trash,../data/raw\trash\trash20.jpg,13.45,False,JPEG,RGB,512.0,384.0,3.0,57.77
trash21.jpg,trash,../data/raw\trash\trash21.jpg,13.42,False,JPEG,RGB,512.0,384.0,3.0,60.03
trash22.jpg,trash,../data/raw\trash\trash22.jpg,10.78,False,JPEG,RGB,512.0,384.0,3.0,50.29
trash23.jpg,trash,../data/raw\trash\trash23.jpg,13.88,False,JPEG,RGB,512.0,384.0,3.0,37.94
trash24.jpg,trash,../data/raw\trash\trash24.jpg,10.68,False,JPEG,RGB,512.0,384.0,3.0,51.29
trash25.jpg,trash,../data/raw\trash\trash25.jpg,14.75,False,JPEG,RGB,512.0,384.0,3.0,28.08
trash26.jpg,trash,../data/raw\trash\trash26.jpg,9.19,False,JPEG,RGB,512.0,384.0,3.0,49.35
trash27.jpg,trash,../data/raw\trash\trash27.jpg,10.87,False,JPEG,RGB,512.0,384.0,3.0,40.57
trash28.jpg,trash,../data/raw\trash\trash28.jpg,18.34,False,JPEG,RGB,512.0,384.0,3.0,48.44
trash29.jpg,trash,../data/raw\trash\trash29.jpg,9.85,False,JPEG,RGB,512.0,384.0,3.0,47.72
trash3.jpg,trash,../data/raw\trash\trash3.jpg,8.98,True,,,,,,
trash30.jpg,trash,../data/raw\trash\trash30.jpg,12.11,False,JPEG,RGB,512.0,384.0,3.0,51.89
trash31.jpg,trash,../data/raw\trash\trash31.jpg,12.94,False,JPEG,RGB,512.0,384.0,3.0,33.03
trash32.jpg,trash,../data/raw\trash\trash32.jpg,10.9,False,JPEG,RGB,512.0,384.0,3.0,28.73
trash33.jpg,trash,../data/raw\trash\trash33.jpg,18.42,False,JPEG,RGB,512.0,384.0,3.0,27.8
trash34.jpg,trash,../data/raw\trash\trash34.jpg,13.79,False,JPEG,RGB,512.0,384.0,3.0,44.39
trash35.jpg,trash,../data/raw\trash\trash35.jpg,11.59,False,JPEG,RGB,512.0,384.0,3.0,38.32
trash36.jpg,trash,../data/raw\trash\trash36.jpg,20.06,False,JPEG,RGB,512.0,384.0,3.0,57.81
trash37.jpg,trash,../data/raw\trash\trash37.jpg,14.53,False,JPEG,RGB,512.0,384.0,3.0,46.26
trash38.jpg,trash,../data/raw\trash\trash38.jpg,12.54,False,JPEG,RGB,512.0,384.0,3.0,41.71
trash39.jpg,trash,../data/raw\trash\trash39.jpg,14.88,False,JPEG,RGB,512.0,384.0,3.0,51.51
trash4.jpg,trash,../data/raw\trash\trash4.jpg,12.13,False,JPEG,RGB,512.0,384.0,3.0,47.14
trash40.jpg,trash,../data/raw\trash\trash40.jpg,13.08,False,JPEG,RGB,512.0,384.0,3.0,51.52
trash41.jpg,trash,../data/raw\trash\trash41.jpg,13.98,False,JPEG,RGB,512.0,384.0,3.0,65.16
trash42.jpg,trash,../data/raw\trash\trash42.jpg,15.21,False,JPEG,RGB,512.0,384.0,3.0,59.23
trash43.jpg,trash,../data/raw\trash\trash43.jpg,10.16,False,JPEG,RGB,512.0,384.0,3.0,58.91
trash44.jpg,trash,../data/raw\trash\trash44.jpg,10.11,False,JPEG,RGB,512.0,384.0,3.0,49.76
trash45.jpg,trash,../data/raw\trash\trash45.jpg,16.65,False,JPEG,RGB,512.0,384.0,3.0,59.05
trash46.jpg,trash,../data/raw\trash\trash46.jpg,19.9,False,JPEG,RGB,512.0,384.0,3.0,41.8
trash47.jpg,trash,../data/raw\trash\trash47.jpg,22.77,False,JPEG,RGB,512.0,384.0,3.0,64.4
trash48.jpg,trash,../data/raw\trash\trash48.jpg,9.46,False,JPEG,RGB,512.0,384.0,3.0,38.73
trash49.jpg,trash,../data/raw\trash\trash49.jpg,11.38,False,JPEG,RGB,512.0,384.0,3.0,52.72
trash5.jpg,trash,../data/raw\trash\trash5.jpg,17.81,False,JPEG,RGB,512.0,384.0,3.0,30.02
trash50.jpg,trash,../data/raw\trash\trash50.jpg,13.25,False,JPEG,RGB,512.0,384.0,3.0,37.52
trash6.jpg,trash,../data/raw\trash\trash6.jpg,10.29,False,JPEG,RGB,512.0,384.0,3.0,34.94
trash7.jpg,trash,../data/raw\trash\trash7.jpg,7.82,False,JPEG,RGB,512.0,384.0,3.0,36.94
trash8.jpg,trash,../data/raw\trash\trash8.jpg,16.55,False,JPEG,RGB,512.0,384.0,3.0,43.67
trash9.jpg,trash,../data/raw\trash\trash9.jpg,13.25,False,JPEG,RGB,512.0,384.0,3.0,66.12
